mode: set
github.com/floatpane/matcha/backend/jmap/jmap.go:26.13,27.90 1 1
github.com/floatpane/matcha/backend/jmap/jmap.go:27.90,29.3 1 0
github.com/floatpane/matcha/backend/jmap/jmap.go:45.54,46.32 1 0
github.com/floatpane/matcha/backend/jmap/jmap.go:46.32,48.3 1 0
github.com/floatpane/matcha/backend/jmap/jmap.go:50.2,54.36 2 0
github.com/floatpane/matcha/backend/jmap/jmap.go:54.36,56.3 1 0
github.com/floatpane/matcha/backend/jmap/jmap.go:56.8,58.3 1 0
github.com/floatpane/matcha/backend/jmap/jmap.go:60.2,60.46 1 0
github.com/floatpane/matcha/backend/jmap/jmap.go:60.46,62.3 1 0
github.com/floatpane/matcha/backend/jmap/jmap.go:64.2,65.18 2 0
github.com/floatpane/matcha/backend/jmap/jmap.go:65.18,67.3 1 0
github.com/floatpane/matcha/backend/jmap/jmap.go:69.2,79.45 2 0
github.com/floatpane/matcha/backend/jmap/jmap.go:79.45,81.3 1 0
github.com/floatpane/matcha/backend/jmap/jmap.go:83.2,83.15 1 0
github.com/floatpane/matcha/backend/jmap/jmap.go:86.45,93.16 4 0
github.com/floatpane/matcha/backend/jmap/jmap.go:93.16,95.3 1 0
github.com/floatpane/matcha/backend/jmap/jmap.go:97.2,100.37 3 0
github.com/floatpane/matcha/backend/jmap/jmap.go:100.37,101.51 1 0
github.com/floatpane/matcha/backend/jmap/jmap.go:101.51,102.32 1 0
github.com/floatpane/matcha/backend/jmap/jmap.go:102.32,104.24 2 0
github.com/floatpane/matcha/backend/jmap/jmap.go:104.24,106.6 1 0
github.com/floatpane/matcha/backend/jmap/jmap.go:110.2,110.12 1 0
github.com/floatpane/matcha/backend/jmap/jmap.go:114.75,119.39 3 0
github.com/floatpane/matcha/backend/jmap/jmap.go:119.39,121.3 1 0
github.com/floatpane/matcha/backend/jmap/jmap.go:124.2,134.40 2 0
github.com/floatpane/matcha/backend/jmap/jmap.go:134.40,135.37 1 0
github.com/floatpane/matcha/backend/jmap/jmap.go:135.37,137.4 1 0
github.com/floatpane/matcha/backend/jmap/jmap.go:140.2,140.61 1 0
github.com/floatpane/matcha/backend/jmap/jmap.go:143.113,145.16 2 0
github.com/floatpane/matcha/backend/jmap/jmap.go:145.16,147.3 1 0
github.com/floatpane/matcha/backend/jmap/jmap.go:149.2,176.16 5 0
github.com/floatpane/matcha/backend/jmap/jmap.go:176.16,178.3 1 0
github.com/floatpane/matcha/backend/jmap/jmap.go:180.2,181.37 2 0
github.com/floatpane/matcha/backend/jmap/jmap.go:181.37,182.49 1 0
github.com/floatpane/matcha/backend/jmap/jmap.go:182.49,183.31 1 0
github.com/floatpane/matcha/backend/jmap/jmap.go:183.31,191.5 6 0
github.com/floatpane/matcha/backend/jmap/jmap.go:195.2,195.20 1 0
github.com/floatpane/matcha/backend/jmap/jmap.go:198.114,200.16 2 0
github.com/floatpane/matcha/backend/jmap/jmap.go:200.16,202.3 1 0
github.com/floatpane/matcha/backend/jmap/jmap.go:204.2,218.16 4 0
github.com/floatpane/matcha/backend/jmap/jmap.go:218.16,220.3 1 0
github.com/floatpane/matcha/backend/jmap/jmap.go:222.2,222.37 1 0
github.com/floatpane/matcha/backend/jmap/jmap.go:222.37,223.68 1 0
github.com/floatpane/matcha/backend/jmap/jmap.go:223.68,228.38 3 0
github.com/floatpane/matcha/backend/jmap/jmap.go:228.38,229.51 1 0
github.com/floatpane/matcha/backend/jmap/jmap.go:229.51,231.11 2 0
github.com/floatpane/matcha/backend/jmap/jmap.go:234.4,234.18 1 0
github.com/floatpane/matcha/backend/jmap/jmap.go:234.18,235.39 1 0
github.com/floatpane/matcha/backend/jmap/jmap.go:235.39,236.52 1 0
github.com/floatpane/matcha/backend/jmap/jmap.go:236.52,238.12 2 0
github.com/floatpane/matcha/backend/jmap/jmap.go:244.4,245.40 2 0
github.com/floatpane/matcha/backend/jmap/jmap.go:245.40,252.22 2 0
github.com/floatpane/matcha/backend/jmap/jmap.go:252.22,254.6 1 0
github.com/floatpane/matcha/backend/jmap/jmap.go:255.5,255.27 1 0
github.com/floatpane/matcha/backend/jmap/jmap.go:258.4,258.26 1 0
github.com/floatpane/matcha/backend/jmap/jmap.go:262.2,262.53 1 0
github.com/floatpane/matcha/backend/jmap/jmap.go:265.109,269.16 3 0
github.com/floatpane/matcha/backend/jmap/jmap.go:269.16,271.3 1 0
github.com/floatpane/matcha/backend/jmap/jmap.go:272.2,273.27 2 0
github.com/floatpane/matcha/backend/jmap/jmap.go:276.78,278.16 2 0
github.com/floatpane/matcha/backend/jmap/jmap.go:278.16,280.3 1 0
github.com/floatpane/matcha/backend/jmap/jmap.go:282.2,291.12 4 0
github.com/floatpane/matcha/backend/jmap/jmap.go:294.79,296.16 2 0
github.com/floatpane/matcha/backend/jmap/jmap.go:296.16,298.3 1 0
github.com/floatpane/matcha/backend/jmap/jmap.go:300.2,301.9 2 0
github.com/floatpane/matcha/backend/jmap/jmap.go:301.9,310.3 4 0
github.com/floatpane/matcha/backend/jmap/jmap.go:313.2,321.12 4 0
github.com/floatpane/matcha/backend/jmap/jmap.go:324.80,326.16 2 0
github.com/floatpane/matcha/backend/jmap/jmap.go:326.16,328.3 1 0
github.com/floatpane/matcha/backend/jmap/jmap.go:330.2,331.9 2 0
github.com/floatpane/matcha/backend/jmap/jmap.go:331.9,333.3 1 0
github.com/floatpane/matcha/backend/jmap/jmap.go:335.2,343.12 4 0
github.com/floatpane/matcha/backend/jmap/jmap.go:346.88,348.16 2 0
github.com/floatpane/matcha/backend/jmap/jmap.go:348.16,350.3 1 0
github.com/floatpane/matcha/backend/jmap/jmap.go:352.2,353.16 2 0
github.com/floatpane/matcha/backend/jmap/jmap.go:353.16,355.3 1 0
github.com/floatpane/matcha/backend/jmap/jmap.go:357.2,365.12 4 0
github.com/floatpane/matcha/backend/jmap/jmap.go:368.90,370.27 1 0
github.com/floatpane/matcha/backend/jmap/jmap.go:370.27,371.57 1 0
github.com/floatpane/matcha/backend/jmap/jmap.go:371.57,373.4 1 0
github.com/floatpane/matcha/backend/jmap/jmap.go:375.2,375.12 1 0
github.com/floatpane/matcha/backend/jmap/jmap.go:378.91,380.27 1 0
github.com/floatpane/matcha/backend/jmap/jmap.go:380.27,381.58 1 0
github.com/floatpane/matcha/backend/jmap/jmap.go:381.58,383.4 1 0
github.com/floatpane/matcha/backend/jmap/jmap.go:385.2,385.12 1 0
github.com/floatpane/matcha/backend/jmap/jmap.go:388.102,390.27 1 0
github.com/floatpane/matcha/backend/jmap/jmap.go:390.27,391.69 1 0
github.com/floatpane/matcha/backend/jmap/jmap.go:391.69,393.4 1 0
github.com/floatpane/matcha/backend/jmap/jmap.go:395.2,395.12 1 0
github.com/floatpane/matcha/backend/jmap/jmap.go:398.83,401.30 2 0
github.com/floatpane/matcha/backend/jmap/jmap.go:401.30,403.3 1 0
github.com/floatpane/matcha/backend/jmap/jmap.go:404.2,405.30 2 0
github.com/floatpane/matcha/backend/jmap/jmap.go:405.30,407.3 1 0
github.com/floatpane/matcha/backend/jmap/jmap.go:410.2,413.21 4 0
github.com/floatpane/matcha/backend/jmap/jmap.go:413.21,415.3 1 0
github.com/floatpane/matcha/backend/jmap/jmap.go:416.2,418.25 3 0
github.com/floatpane/matcha/backend/jmap/jmap.go:418.25,420.3 1 0
github.com/floatpane/matcha/backend/jmap/jmap.go:421.2,421.29 1 0
github.com/floatpane/matcha/backend/jmap/jmap.go:421.29,423.3 1 0
github.com/floatpane/matcha/backend/jmap/jmap.go:424.2,428.16 4 0
github.com/floatpane/matcha/backend/jmap/jmap.go:428.16,431.3 2 0
github.com/floatpane/matcha/backend/jmap/jmap.go:432.2,437.16 4 0
github.com/floatpane/matcha/backend/jmap/jmap.go:437.16,439.3 1 0
github.com/floatpane/matcha/backend/jmap/jmap.go:443.2,444.20 2 0
github.com/floatpane/matcha/backend/jmap/jmap.go:444.20,447.3 1 0
github.com/floatpane/matcha/backend/jmap/jmap.go:449.2,466.30 5 0
github.com/floatpane/matcha/backend/jmap/jmap.go:466.30,468.3 1 0
github.com/floatpane/matcha/backend/jmap/jmap.go:469.2,469.30 1 0
github.com/floatpane/matcha/backend/jmap/jmap.go:469.30,471.3 1 0
github.com/floatpane/matcha/backend/jmap/jmap.go:472.2,472.31 1 0
github.com/floatpane/matcha/backend/jmap/jmap.go:472.31,474.3 1 0
github.com/floatpane/matcha/backend/jmap/jmap.go:476.2,491.18 3 0
github.com/floatpane/matcha/backend/jmap/jmap.go:491.18,498.3 1 0
github.com/floatpane/matcha/backend/jmap/jmap.go:499.2,502.12 3 0
github.com/floatpane/matcha/backend/jmap/jmap.go:505.78,506.45 1 0
github.com/floatpane/matcha/backend/jmap/jmap.go:506.45,508.3 1 0
github.com/floatpane/matcha/backend/jmap/jmap.go:510.2,516.16 4 0
github.com/floatpane/matcha/backend/jmap/jmap.go:516.16,518.3 1 0
github.com/floatpane/matcha/backend/jmap/jmap.go:520.2,521.37 2 0
github.com/floatpane/matcha/backend/jmap/jmap.go:521.37,522.51 1 0
github.com/floatpane/matcha/backend/jmap/jmap.go:522.51,523.32 1 0
github.com/floatpane/matcha/backend/jmap/jmap.go:523.32,528.5 1 0
github.com/floatpane/matcha/backend/jmap/jmap.go:532.2,532.21 1 0
github.com/floatpane/matcha/backend/jmap/jmap.go:535.99,540.49 2 0
github.com/floatpane/matcha/backend/jmap/jmap.go:540.49,541.45 1 0
github.com/floatpane/matcha/backend/jmap/jmap.go:541.45,542.36 1 0
github.com/floatpane/matcha/backend/jmap/jmap.go:542.36,543.52 1 0
github.com/floatpane/matcha/backend/jmap/jmap.go:543.52,548.7 1 0
github.com/floatpane/matcha/backend/jmap/jmap.go:555.2,555.12 1 0
github.com/floatpane/matcha/backend/jmap/jmap.go:555.12,558.3 2 0
github.com/floatpane/matcha/backend/jmap/jmap.go:560.2,560.19 1 0
github.com/floatpane/matcha/backend/jmap/jmap.go:560.19,562.3 1 0
github.com/floatpane/matcha/backend/jmap/jmap.go:564.2,564.24 1 0
github.com/floatpane/matcha/backend/jmap/jmap.go:567.34,569.2 1 0
github.com/floatpane/matcha/backend/jmap/jmap.go:575.68,579.9 4 0
github.com/floatpane/matcha/backend/jmap/jmap.go:579.9,581.3 1 0
github.com/floatpane/matcha/backend/jmap/jmap.go:582.2,582.16 1 0
github.com/floatpane/matcha/backend/jmap/jmap.go:586.43,590.12 4 0
github.com/floatpane/matcha/backend/jmap/jmap.go:590.12,592.3 1 0
github.com/floatpane/matcha/backend/jmap/jmap.go:593.2,593.10 1 0
github.com/floatpane/matcha/backend/jmap/jmap.go:597.87,605.23 2 1
github.com/floatpane/matcha/backend/jmap/jmap.go:605.23,607.3 1 1
github.com/floatpane/matcha/backend/jmap/jmap.go:608.2,608.30 1 1
github.com/floatpane/matcha/backend/jmap/jmap.go:608.30,610.3 1 1
github.com/floatpane/matcha/backend/jmap/jmap.go:611.2,611.35 1 1
github.com/floatpane/matcha/backend/jmap/jmap.go:611.35,613.3 1 1
github.com/floatpane/matcha/backend/jmap/jmap.go:614.2,614.28 1 1
github.com/floatpane/matcha/backend/jmap/jmap.go:614.28,616.3 1 0
github.com/floatpane/matcha/backend/jmap/jmap.go:617.2,617.10 1 1
github.com/floatpane/matcha/backend/jmap/jmap.go:620.39,621.14 1 1
github.com/floatpane/matcha/backend/jmap/jmap.go:621.14,623.3 1 1
github.com/floatpane/matcha/backend/jmap/jmap.go:624.2,624.11 1 0
github.com/floatpane/matcha/backend/pop3/pop3.go:30.13,31.90 1 1
github.com/floatpane/matcha/backend/pop3/pop3.go:31.90,33.3 1 0
github.com/floatpane/matcha/backend/pop3/pop3.go:43.54,47.18 3 0
github.com/floatpane/matcha/backend/pop3/pop3.go:47.18,49.3 1 0
github.com/floatpane/matcha/backend/pop3/pop3.go:51.2,59.17 2 0
github.com/floatpane/matcha/backend/pop3/pop3.go:59.17,61.3 1 0
github.com/floatpane/matcha/backend/pop3/pop3.go:63.2,66.8 1 0
github.com/floatpane/matcha/backend/pop3/pop3.go:70.56,73.16 3 0
github.com/floatpane/matcha/backend/pop3/pop3.go:73.16,75.3 1 0
github.com/floatpane/matcha/backend/pop3/pop3.go:77.2,77.71 1 0
github.com/floatpane/matcha/backend/pop3/pop3.go:77.71,80.3 2 0
github.com/floatpane/matcha/backend/pop3/pop3.go:82.2,82.18 1 0
github.com/floatpane/matcha/backend/pop3/pop3.go:85.108,87.16 2 0
github.com/floatpane/matcha/backend/pop3/pop3.go:87.16,89.3 1 0
github.com/floatpane/matcha/backend/pop3/pop3.go:90.2,94.16 3 0
github.com/floatpane/matcha/backend/pop3/pop3.go:94.16,97.17 2 0
github.com/floatpane/matcha/backend/pop3/pop3.go:97.17,99.4 1 0
github.com/floatpane/matcha/backend/pop3/pop3.go:102.2,102.20 1 0
github.com/floatpane/matcha/backend/pop3/pop3.go:102.20,104.3 1 0
github.com/floatpane/matcha/backend/pop3/pop3.go:107.2,108.16 2 0
github.com/floatpane/matcha/backend/pop3/pop3.go:108.16,110.3 1 0
github.com/floatpane/matcha/backend/pop3/pop3.go:112.2,113.13 2 0
github.com/floatpane/matcha/backend/pop3/pop3.go:113.13,115.3 1 0
github.com/floatpane/matcha/backend/pop3/pop3.go:117.2,118.31 2 0
github.com/floatpane/matcha/backend/pop3/pop3.go:118.31,123.17 3 0
github.com/floatpane/matcha/backend/pop3/pop3.go:123.17,124.12 1 0
github.com/floatpane/matcha/backend/pop3/pop3.go:127.3,128.33 2 0
github.com/floatpane/matcha/backend/pop3/pop3.go:131.2,131.20 1 0
github.com/floatpane/matcha/backend/pop3/pop3.go:134.114,136.16 2 0
github.com/floatpane/matcha/backend/pop3/pop3.go:136.16,138.3 1 0
github.com/floatpane/matcha/backend/pop3/pop3.go:139.2,142.16 3 0
github.com/floatpane/matcha/backend/pop3/pop3.go:142.16,144.3 1 0
github.com/floatpane/matcha/backend/pop3/pop3.go:146.2,147.16 2 0
github.com/floatpane/matcha/backend/pop3/pop3.go:147.16,149.3 1 0
github.com/floatpane/matcha/backend/pop3/pop3.go:151.2,151.30 1 0
github.com/floatpane/matcha/backend/pop3/pop3.go:154.111,156.16 2 0
github.com/floatpane/matcha/backend/pop3/pop3.go:156.16,158.3 1 0
github.com/floatpane/matcha/backend/pop3/pop3.go:159.2,162.16 3 0
github.com/floatpane/matcha/backend/pop3/pop3.go:162.16,164.3 1 0
github.com/floatpane/matcha/backend/pop3/pop3.go:166.2,167.16 2 0
github.com/floatpane/matcha/backend/pop3/pop3.go:167.16,169.3 1 0
github.com/floatpane/matcha/backend/pop3/pop3.go:171.2,171.40 1 0
github.com/floatpane/matcha/backend/pop3/pop3.go:174.76,177.2 1 0
github.com/floatpane/matcha/backend/pop3/pop3.go:179.79,181.16 2 0
github.com/floatpane/matcha/backend/pop3/pop3.go:181.16,183.3 1 0
github.com/floatpane/matcha/backend/pop3/pop3.go:185.2,186.16 2 0
github.com/floatpane/matcha/backend/pop3/pop3.go:186.16,189.3 2 0
github.com/floatpane/matcha/backend/pop3/pop3.go:191.2,191.41 1 0
github.com/floatpane/matcha/backend/pop3/pop3.go:191.41,194.3 2 0
github.com/floatpane/matcha/backend/pop3/pop3.go:197.2,197.20 1 0
github.com/floatpane/matcha/backend/pop3/pop3.go:200.78,202.2 1 0
github.com/floatpane/matcha/backend/pop3/pop3.go:204.78,206.2 1 0
github.com/floatpane/matcha/backend/pop3/pop3.go:208.90,210.27 1 0
github.com/floatpane/matcha/backend/pop3/pop3.go:210.27,211.57 1 0
github.com/floatpane/matcha/backend/pop3/pop3.go:211.57,213.4 1 0
github.com/floatpane/matcha/backend/pop3/pop3.go:215.2,215.12 1 0
github.com/floatpane/matcha/backend/pop3/pop3.go:218.81,220.2 1 0
github.com/floatpane/matcha/backend/pop3/pop3.go:222.81,224.2 1 0
github.com/floatpane/matcha/backend/pop3/pop3.go:226.83,236.2 2 0
github.com/floatpane/matcha/backend/pop3/pop3.go:238.78,242.2 1 0
github.com/floatpane/matcha/backend/pop3/pop3.go:244.99,246.2 1 0
github.com/floatpane/matcha/backend/pop3/pop3.go:248.34,250.2 1 0
github.com/floatpane/matcha/backend/pop3/pop3.go:256.85,258.16 2 0
github.com/floatpane/matcha/backend/pop3/pop3.go:258.16,260.17 2 0
github.com/floatpane/matcha/backend/pop3/pop3.go:260.17,262.4 1 0
github.com/floatpane/matcha/backend/pop3/pop3.go:263.3,263.26 1 0
github.com/floatpane/matcha/backend/pop3/pop3.go:263.26,264.47 1 0
github.com/floatpane/matcha/backend/pop3/pop3.go:264.47,266.5 1 0
github.com/floatpane/matcha/backend/pop3/pop3.go:268.3,268.67 1 0
github.com/floatpane/matcha/backend/pop3/pop3.go:271.2,271.25 1 0
github.com/floatpane/matcha/backend/pop3/pop3.go:271.25,272.28 1 0
github.com/floatpane/matcha/backend/pop3/pop3.go:272.28,274.4 1 0
github.com/floatpane/matcha/backend/pop3/pop3.go:276.2,276.66 1 0
github.com/floatpane/matcha/backend/pop3/pop3.go:280.34,282.25 2 1
github.com/floatpane/matcha/backend/pop3/pop3.go:282.25,284.3 1 1
github.com/floatpane/matcha/backend/pop3/pop3.go:285.2,285.15 1 1
github.com/floatpane/matcha/backend/pop3/pop3.go:285.15,287.3 1 0
github.com/floatpane/matcha/backend/pop3/pop3.go:288.2,288.13 1 1
github.com/floatpane/matcha/backend/pop3/pop3.go:292.106,299.50 6 1
github.com/floatpane/matcha/backend/pop3/pop3.go:299.50,300.64 1 1
github.com/floatpane/matcha/backend/pop3/pop3.go:300.64,301.31 1 1
github.com/floatpane/matcha/backend/pop3/pop3.go:301.31,303.5 1 1
github.com/floatpane/matcha/backend/pop3/pop3.go:307.2,308.66 2 1
github.com/floatpane/matcha/backend/pop3/pop3.go:308.66,309.69 1 1
github.com/floatpane/matcha/backend/pop3/pop3.go:309.69,310.31 1 1
github.com/floatpane/matcha/backend/pop3/pop3.go:310.31,312.5 1 1
github.com/floatpane/matcha/backend/pop3/pop3.go:316.2,317.19 2 1
github.com/floatpane/matcha/backend/pop3/pop3.go:317.19,318.57 1 0
github.com/floatpane/matcha/backend/pop3/pop3.go:318.57,320.4 1 0
github.com/floatpane/matcha/backend/pop3/pop3.go:324.2,325.59 2 1
github.com/floatpane/matcha/backend/pop3/pop3.go:325.59,327.3 1 1
github.com/floatpane/matcha/backend/pop3/pop3.go:328.2,328.56 1 1
github.com/floatpane/matcha/backend/pop3/pop3.go:328.56,330.3 1 1
github.com/floatpane/matcha/backend/pop3/pop3.go:332.2,333.18 2 1
github.com/floatpane/matcha/backend/pop3/pop3.go:333.18,335.3 1 0
github.com/floatpane/matcha/backend/pop3/pop3.go:337.2,347.3 1 1
github.com/floatpane/matcha/backend/pop3/pop3.go:351.74,353.16 2 0
github.com/floatpane/matcha/backend/pop3/pop3.go:353.16,356.17 2 0
github.com/floatpane/matcha/backend/pop3/pop3.go:356.17,358.4 1 0
github.com/floatpane/matcha/backend/pop3/pop3.go:359.3,359.32 1 0
github.com/floatpane/matcha/backend/pop3/pop3.go:362.2,367.6 5 0
github.com/floatpane/matcha/backend/pop3/pop3.go:367.6,369.20 2 0
github.com/floatpane/matcha/backend/pop3/pop3.go:369.20,370.9 1 0
github.com/floatpane/matcha/backend/pop3/pop3.go:372.3,372.17 1 0
github.com/floatpane/matcha/backend/pop3/pop3.go:372.17,373.9 1 0
github.com/floatpane/matcha/backend/pop3/pop3.go:375.3,381.21 5 0
github.com/floatpane/matcha/backend/pop3/pop3.go:381.21,382.12 1 0
github.com/floatpane/matcha/backend/pop3/pop3.go:385.3,385.107 1 0
github.com/floatpane/matcha/backend/pop3/pop3.go:385.107,387.22 2 0
github.com/floatpane/matcha/backend/pop3/pop3.go:387.22,390.5 2 0
github.com/floatpane/matcha/backend/pop3/pop3.go:391.4,398.55 2 0
github.com/floatpane/matcha/backend/pop3/pop3.go:398.55,400.5 1 0
github.com/floatpane/matcha/backend/pop3/pop3.go:401.4,401.42 1 0
github.com/floatpane/matcha/backend/pop3/pop3.go:402.9,402.40 1 0
github.com/floatpane/matcha/backend/pop3/pop3.go:402.40,404.4 1 0
github.com/floatpane/matcha/backend/pop3/pop3.go:404.9,404.59 1 0
github.com/floatpane/matcha/backend/pop3/pop3.go:404.59,406.4 1 0
github.com/floatpane/matcha/backend/pop3/pop3.go:409.2,409.20 1 0
github.com/floatpane/matcha/backend/pop3/pop3.go:409.20,411.3 1 0
github.com/floatpane/matcha/backend/pop3/pop3.go:412.2,412.35 1 0
github.com/floatpane/matcha/backend/pop3/pop3.go:416.75,418.16 2 0
github.com/floatpane/matcha/backend/pop3/pop3.go:418.16,420.3 1 0
github.com/floatpane/matcha/backend/pop3/pop3.go:422.2,423.6 2 0
github.com/floatpane/matcha/backend/pop3/pop3.go:423.6,425.20 2 0
github.com/floatpane/matcha/backend/pop3/pop3.go:425.20,426.9 1 0
github.com/floatpane/matcha/backend/pop3/pop3.go:428.3,428.17 1 0
github.com/floatpane/matcha/backend/pop3/pop3.go:428.17,429.9 1 0
github.com/floatpane/matcha/backend/pop3/pop3.go:431.3,433.49 2 0
github.com/floatpane/matcha/backend/pop3/pop3.go:433.49,435.4 1 0
github.com/floatpane/matcha/backend/pop3/pop3.go:438.2,438.76 1 0
github.com/floatpane/matcha/calendar/calendar.go:26.44,28.16 2 1
github.com/floatpane/matcha/calendar/calendar.go:28.16,30.3 1 1
github.com/floatpane/matcha/calendar/calendar.go:32.2,33.22 2 1
github.com/floatpane/matcha/calendar/calendar.go:33.22,35.3 1 1
github.com/floatpane/matcha/calendar/calendar.go:37.2,49.46 9 1
github.com/floatpane/matcha/calendar/calendar.go:49.46,50.51 1 1
github.com/floatpane/matcha/calendar/calendar.go:50.51,52.9 2 1
github.com/floatpane/matcha/calendar/calendar.go:57.2,70.8 3 1
github.com/floatpane/matcha/calendar/calendar.go:79.84,83.16 2 1
github.com/floatpane/matcha/calendar/calendar.go:83.16,85.3 1 0
github.com/floatpane/matcha/calendar/calendar.go:88.2,92.38 3 1
github.com/floatpane/matcha/calendar/calendar.go:92.38,99.38 4 1
github.com/floatpane/matcha/calendar/calendar.go:99.38,101.96 2 1
github.com/floatpane/matcha/calendar/calendar.go:101.96,103.10 2 1
github.com/floatpane/matcha/calendar/calendar.go:108.3,111.29 2 1
github.com/floatpane/matcha/calendar/calendar.go:111.29,115.4 3 1
github.com/floatpane/matcha/calendar/calendar.go:115.9,123.43 2 0
github.com/floatpane/matcha/calendar/calendar.go:123.43,125.5 1 0
github.com/floatpane/matcha/calendar/calendar.go:129.2,129.37 1 1
github.com/floatpane/matcha/calendar/calendar.go:133.78,135.14 2 1
github.com/floatpane/matcha/calendar/calendar.go:135.14,137.3 1 0
github.com/floatpane/matcha/calendar/calendar.go:138.2,138.16 1 1
github.com/floatpane/matcha/calendar/calendar.go:142.93,144.14 2 1
github.com/floatpane/matcha/calendar/calendar.go:144.14,146.3 1 0
github.com/floatpane/matcha/calendar/calendar.go:148.2,150.47 3 1
github.com/floatpane/matcha/calendar/calendar.go:150.47,151.46 1 1
github.com/floatpane/matcha/calendar/calendar.go:151.46,153.4 1 0
github.com/floatpane/matcha/calendar/calendar.go:157.2,168.33 4 1
github.com/floatpane/matcha/calendar/calendar.go:168.33,170.17 2 1
github.com/floatpane/matcha/calendar/calendar.go:170.17,171.9 1 1
github.com/floatpane/matcha/calendar/calendar.go:175.2,175.16 1 1
github.com/floatpane/matcha/calendar/calendar.go:175.16,177.3 1 0
github.com/floatpane/matcha/calendar/calendar.go:180.2,180.50 1 1
github.com/floatpane/matcha/calendar/calendar.go:180.50,181.60 1 0
github.com/floatpane/matcha/calendar/calendar.go:181.60,183.4 1 0
github.com/floatpane/matcha/calendar/calendar.go:186.2,186.15 1 1
github.com/floatpane/matcha/calendar/calendar.go:190.41,196.49 3 1
github.com/floatpane/matcha/calendar/calendar.go:196.49,198.3 1 1
github.com/floatpane/matcha/calendar/calendar.go:200.2,200.33 1 1
github.com/floatpane/matcha/cli/config.go:11.37,13.18 2 0
github.com/floatpane/matcha/cli/config.go:13.18,15.3 1 0
github.com/floatpane/matcha/cli/config.go:17.2,18.16 2 0
github.com/floatpane/matcha/cli/config.go:18.16,20.3 1 0
github.com/floatpane/matcha/cli/config.go:22.2,23.20 2 0
github.com/floatpane/matcha/cli/config.go:23.20,25.3 1 0
github.com/floatpane/matcha/cli/config.go:25.8,28.35 2 0
github.com/floatpane/matcha/cli/config.go:28.35,30.4 1 0
github.com/floatpane/matcha/cli/config.go:31.3,31.69 1 0
github.com/floatpane/matcha/cli/config.go:34.2,34.51 1 0
github.com/floatpane/matcha/cli/config.go:34.51,36.3 1 0
github.com/floatpane/matcha/cli/config.go:38.2,42.18 5 0
github.com/floatpane/matcha/cli/contacts_export.go:16.45,22.39 5 0
github.com/floatpane/matcha/cli/contacts_export.go:22.39,24.3 1 0
github.com/floatpane/matcha/cli/contacts_export.go:26.2,26.11 1 0
github.com/floatpane/matcha/cli/contacts_export.go:26.11,39.3 12 0
github.com/floatpane/matcha/cli/contacts_export.go:41.2,42.47 2 0
github.com/floatpane/matcha/cli/contacts_export.go:42.47,44.3 1 0
github.com/floatpane/matcha/cli/contacts_export.go:46.2,46.46 1 0
github.com/floatpane/matcha/cli/contacts_export.go:49.57,53.34 3 0
github.com/floatpane/matcha/cli/contacts_export.go:53.34,55.17 2 0
github.com/floatpane/matcha/cli/contacts_export.go:55.17,57.4 1 0
github.com/floatpane/matcha/cli/contacts_export.go:59.3,60.17 2 0
github.com/floatpane/matcha/cli/contacts_export.go:60.17,62.4 1 0
github.com/floatpane/matcha/cli/contacts_export.go:64.3,64.28 1 0
github.com/floatpane/matcha/cli/contacts_export.go:67.2,68.16 2 0
github.com/floatpane/matcha/cli/contacts_export.go:68.16,70.21 2 0
github.com/floatpane/matcha/cli/contacts_export.go:70.21,72.4 1 0
github.com/floatpane/matcha/cli/contacts_export.go:73.3,73.60 1 0
github.com/floatpane/matcha/cli/contacts_export.go:76.2,78.24 2 0
github.com/floatpane/matcha/cli/contacts_export.go:78.24,81.3 2 0
github.com/floatpane/matcha/cli/contacts_export.go:83.2,84.22 2 0
github.com/floatpane/matcha/cli/contacts_export.go:84.22,86.17 2 0
github.com/floatpane/matcha/cli/contacts_export.go:86.17,88.4 1 0
github.com/floatpane/matcha/cli/contacts_export.go:89.8,91.17 2 0
github.com/floatpane/matcha/cli/contacts_export.go:91.17,93.4 1 0
github.com/floatpane/matcha/cli/contacts_export.go:96.2,96.22 1 0
github.com/floatpane/matcha/cli/contacts_export.go:96.22,98.17 2 0
github.com/floatpane/matcha/cli/contacts_export.go:98.17,99.49 1 0
github.com/floatpane/matcha/cli/contacts_export.go:99.49,101.5 1 0
github.com/floatpane/matcha/cli/contacts_export.go:103.3,103.68 1 0
github.com/floatpane/matcha/cli/contacts_export.go:103.68,105.4 1 0
github.com/floatpane/matcha/cli/contacts_export.go:106.3,106.84 1 0
github.com/floatpane/matcha/cli/contacts_export.go:107.8,109.3 1 0
github.com/floatpane/matcha/cli/contacts_export.go:111.2,111.12 1 0
github.com/floatpane/matcha/cli/contacts_export.go:114.62,116.2 1 1
github.com/floatpane/matcha/cli/contacts_export.go:118.61,122.90 3 1
github.com/floatpane/matcha/cli/contacts_export.go:122.90,124.3 1 0
github.com/floatpane/matcha/cli/contacts_export.go:126.2,126.29 1 1
github.com/floatpane/matcha/cli/contacts_export.go:126.29,133.46 2 1
github.com/floatpane/matcha/cli/contacts_export.go:133.46,135.4 1 0
github.com/floatpane/matcha/cli/contacts_export.go:138.2,139.45 2 1
github.com/floatpane/matcha/cli/contacts_export.go:142.33,143.34 1 1
github.com/floatpane/matcha/cli/contacts_export.go:143.34,145.3 1 1
github.com/floatpane/matcha/cli/contacts_export.go:146.2,146.10 1 1
github.com/floatpane/matcha/cli/contacts_export.go:149.42,152.2 2 0
github.com/floatpane/matcha/cli/contacts_export.go:154.37,158.16 4 0
github.com/floatpane/matcha/cli/contacts_export.go:158.16,160.3 1 0
github.com/floatpane/matcha/cli/contacts_export.go:161.2,161.30 1 0
github.com/floatpane/matcha/cli/install.go:14.38,15.20 1 0
github.com/floatpane/matcha/cli/install.go:15.20,17.3 1 0
github.com/floatpane/matcha/cli/install.go:19.2,23.83 4 0
github.com/floatpane/matcha/cli/install.go:23.83,27.17 3 0
github.com/floatpane/matcha/cli/install.go:27.17,29.4 1 0
github.com/floatpane/matcha/cli/install.go:30.3,32.39 2 0
github.com/floatpane/matcha/cli/install.go:32.39,34.4 1 0
github.com/floatpane/matcha/cli/install.go:36.3,37.17 2 0
github.com/floatpane/matcha/cli/install.go:37.17,39.4 1 0
github.com/floatpane/matcha/cli/install.go:42.3,43.33 2 0
github.com/floatpane/matcha/cli/install.go:44.8,48.17 3 0
github.com/floatpane/matcha/cli/install.go:48.17,50.4 1 0
github.com/floatpane/matcha/cli/install.go:51.3,51.35 1 0
github.com/floatpane/matcha/cli/install.go:54.2,54.42 1 0
github.com/floatpane/matcha/cli/install.go:54.42,56.3 1 0
github.com/floatpane/matcha/cli/install.go:58.2,59.16 2 0
github.com/floatpane/matcha/cli/install.go:59.16,61.3 1 0
github.com/floatpane/matcha/cli/install.go:63.2,64.55 2 0
github.com/floatpane/matcha/cli/install.go:64.55,66.3 1 0
github.com/floatpane/matcha/cli/install.go:68.2,69.12 2 0
github.com/floatpane/matcha/cli/install.go:72.35,74.16 2 0
github.com/floatpane/matcha/cli/install.go:74.16,76.3 1 0
github.com/floatpane/matcha/cli/install.go:77.2,78.47 2 0
github.com/floatpane/matcha/cli/install.go:78.47,80.3 1 0
github.com/floatpane/matcha/cli/install.go:81.2,81.17 1 0
github.com/floatpane/matcha/clib/base64wrap.go:14.37,15.20 1 1
github.com/floatpane/matcha/clib/base64wrap.go:15.20,17.3 1 1
github.com/floatpane/matcha/clib/base64wrap.go:19.2,24.19 5 1
github.com/floatpane/matcha/clib/base64wrap.go:24.19,26.3 1 0
github.com/floatpane/matcha/clib/base64wrap.go:27.2,29.43 2 1
github.com/floatpane/matcha/clib/htmlconv.go:14.56,15.20 1 0
github.com/floatpane/matcha/clib/htmlconv.go:15.20,17.3 1 0
github.com/floatpane/matcha/clib/htmlconv.go:19.2,23.20 4 0
github.com/floatpane/matcha/clib/htmlconv.go:23.20,25.3 1 0
github.com/floatpane/matcha/clib/htmlconv.go:26.2,29.16 3 0
github.com/floatpane/matcha/clib/htmlconv.go:29.16,31.3 1 0
github.com/floatpane/matcha/clib/htmlconv.go:33.2,38.29 3 0
github.com/floatpane/matcha/clib/htmlconv.go:38.29,43.21 3 0
github.com/floatpane/matcha/clib/htmlconv.go:43.21,45.4 1 0
github.com/floatpane/matcha/clib/htmlconv.go:46.3,46.22 1 0
github.com/floatpane/matcha/clib/htmlconv.go:46.22,48.4 1 0
github.com/floatpane/matcha/clib/htmlconv.go:49.3,49.22 1 0
github.com/floatpane/matcha/clib/htmlconv.go:49.22,51.4 1 0
github.com/floatpane/matcha/clib/htmlconv.go:54.2,54.23 1 0
github.com/floatpane/matcha/clib/imgconv.go:17.58,18.20 1 1
github.com/floatpane/matcha/clib/imgconv.go:18.20,20.3 1 1
github.com/floatpane/matcha/clib/imgconv.go:22.2,26.20 4 1
github.com/floatpane/matcha/clib/imgconv.go:26.20,28.3 1 1
github.com/floatpane/matcha/clib/imgconv.go:29.2,37.9 3 1
github.com/floatpane/matcha/clib/imgconv.go:43.64,44.20 1 1
github.com/floatpane/matcha/clib/imgconv.go:44.20,46.3 1 1
github.com/floatpane/matcha/clib/imgconv.go:48.2,53.14 5 1
github.com/floatpane/matcha/clib/imgconv.go:53.14,55.3 1 1
github.com/floatpane/matcha/clib/imgconv.go:56.2,56.31 1 1
github.com/floatpane/matcha/clib/markdown.go:63.39,64.18 1 0
github.com/floatpane/matcha/clib/markdown.go:64.18,66.3 1 0
github.com/floatpane/matcha/clib/markdown.go:68.2,73.19 5 0
github.com/floatpane/matcha/clib/markdown.go:73.19,75.3 1 0
github.com/floatpane/matcha/clib/markdown.go:76.2,78.57 2 0
github.com/floatpane/matcha/daemonclient/client.go:24.30,27.16 3 0
github.com/floatpane/matcha/daemonclient/client.go:27.16,29.3 1 0
github.com/floatpane/matcha/daemonclient/client.go:31.2,39.15 3 0
github.com/floatpane/matcha/daemonclient/client.go:43.84,48.19 3 1
github.com/floatpane/matcha/daemonclient/client.go:48.19,51.17 3 0
github.com/floatpane/matcha/daemonclient/client.go:51.17,53.4 1 0
github.com/floatpane/matcha/daemonclient/client.go:57.2,62.15 5 1
github.com/floatpane/matcha/daemonclient/client.go:62.15,66.3 3 1
github.com/floatpane/matcha/daemonclient/client.go:69.2,74.41 2 1
github.com/floatpane/matcha/daemonclient/client.go:74.41,76.3 1 0
github.com/floatpane/matcha/daemonclient/client.go:79.2,79.9 1 1
github.com/floatpane/matcha/daemonclient/client.go:80.20,81.24 1 1
github.com/floatpane/matcha/daemonclient/client.go:81.24,83.4 1 1
github.com/floatpane/matcha/daemonclient/client.go:84.3,84.42 1 1
github.com/floatpane/matcha/daemonclient/client.go:84.42,86.4 1 1
github.com/floatpane/matcha/daemonclient/client.go:87.3,87.13 1 0
github.com/floatpane/matcha/daemonclient/client.go:88.16,89.41 1 0
github.com/floatpane/matcha/daemonclient/client.go:94.51,96.2 1 1
github.com/floatpane/matcha/daemonclient/client.go:99.32,100.9 1 1
github.com/floatpane/matcha/daemonclient/client.go:101.16,102.13 1 0
github.com/floatpane/matcha/daemonclient/client.go:103.10,104.16 1 1
github.com/floatpane/matcha/daemonclient/client.go:106.2,106.23 1 1
github.com/floatpane/matcha/daemonclient/client.go:110.29,113.6 2 1
github.com/floatpane/matcha/daemonclient/client.go:113.6,115.17 2 1
github.com/floatpane/matcha/daemonclient/client.go:115.17,116.11 1 1
github.com/floatpane/matcha/daemonclient/client.go:117.18,117.18 0 1
github.com/floatpane/matcha/daemonclient/client.go:118.12,119.18 1 0
github.com/floatpane/matcha/daemonclient/client.go:121.4,121.10 1 1
github.com/floatpane/matcha/daemonclient/client.go:124.3,124.26 1 1
github.com/floatpane/matcha/daemonclient/client.go:124.26,128.10 4 1
github.com/floatpane/matcha/daemonclient/client.go:128.10,130.5 1 1
github.com/floatpane/matcha/daemonclient/client.go:133.3,133.23 1 1
github.com/floatpane/matcha/daemonclient/client.go:133.23,134.11 1 1
github.com/floatpane/matcha/daemonclient/client.go:135.31,135.31 0 1
github.com/floatpane/matcha/daemonclient/client.go:136.12,136.12 0 0
github.com/floatpane/matcha/daemonclient/client.go:144.31,147.2 2 1
github.com/floatpane/matcha/daemonclient/client.go:150.60,152.72 2 1
github.com/floatpane/matcha/daemonclient/client.go:152.72,154.3 1 0
github.com/floatpane/matcha/daemonclient/client.go:155.2,155.21 1 1
github.com/floatpane/matcha/daemonclient/procattr_unix.go:8.44,12.2 1 0
github.com/floatpane/matcha/daemonclient/service.go:35.45,37.37 1 0
github.com/floatpane/matcha/daemonclient/service.go:37.37,39.3 1 0
github.com/floatpane/matcha/daemonclient/service.go:42.2,43.42 2 0
github.com/floatpane/matcha/daemonclient/service.go:43.42,46.3 2 0
github.com/floatpane/matcha/daemonclient/service.go:49.2,49.26 1 0
github.com/floatpane/matcha/daemonclient/service.go:49.26,51.38 2 0
github.com/floatpane/matcha/daemonclient/service.go:51.38,54.4 2 0
github.com/floatpane/matcha/daemonclient/service.go:57.2,58.30 2 0
github.com/floatpane/matcha/daemonclient/service.go:61.34,63.16 2 0
github.com/floatpane/matcha/daemonclient/service.go:63.16,65.3 1 0
github.com/floatpane/matcha/daemonclient/service.go:66.2,66.38 1 0
github.com/floatpane/matcha/daemonclient/service.go:66.38,69.3 2 0
github.com/floatpane/matcha/daemonclient/service.go:70.2,70.39 1 0
github.com/floatpane/matcha/daemonclient/service.go:73.30,75.16 2 0
github.com/floatpane/matcha/daemonclient/service.go:75.16,77.3 1 0
github.com/floatpane/matcha/daemonclient/service.go:79.2,85.20 6 0
github.com/floatpane/matcha/daemonclient/service.go:93.110,102.2 3 0
github.com/floatpane/matcha/daemonclient/service.go:104.116,111.16 3 0
github.com/floatpane/matcha/daemonclient/service.go:111.16,113.3 1 0
github.com/floatpane/matcha/daemonclient/service.go:115.2,116.39 2 0
github.com/floatpane/matcha/daemonclient/service.go:116.39,123.3 1 0
github.com/floatpane/matcha/daemonclient/service.go:124.2,124.38 1 0
github.com/floatpane/matcha/daemonclient/service.go:127.85,133.2 1 0
github.com/floatpane/matcha/daemonclient/service.go:135.86,141.2 1 0
github.com/floatpane/matcha/daemonclient/service.go:143.92,150.2 1 0
github.com/floatpane/matcha/daemonclient/service.go:152.81,159.2 1 0
github.com/floatpane/matcha/daemonclient/service.go:161.82,167.2 3 0
github.com/floatpane/matcha/daemonclient/service.go:169.71,174.2 1 0
github.com/floatpane/matcha/daemonclient/service.go:176.67,181.2 1 0
github.com/floatpane/matcha/daemonclient/service.go:183.69,188.2 1 0
github.com/floatpane/matcha/daemonclient/service.go:190.58,192.2 1 0
github.com/floatpane/matcha/daemonclient/service.go:194.41,194.56 1 0
github.com/floatpane/matcha/daemonclient/service.go:196.39,198.2 1 0
github.com/floatpane/matcha/daemonclient/service.go:208.58,216.2 3 0
github.com/floatpane/matcha/daemonclient/service.go:218.41,219.32 1 0
github.com/floatpane/matcha/daemonclient/service.go:219.32,221.40 2 0
github.com/floatpane/matcha/daemonclient/service.go:221.40,222.12 1 0
github.com/floatpane/matcha/daemonclient/service.go:224.3,225.17 2 0
github.com/floatpane/matcha/daemonclient/service.go:225.17,227.12 2 0
github.com/floatpane/matcha/daemonclient/service.go:229.3,229.27 1 0
github.com/floatpane/matcha/daemonclient/service.go:233.81,235.9 2 0
github.com/floatpane/matcha/daemonclient/service.go:235.9,237.3 1 0
github.com/floatpane/matcha/daemonclient/service.go:238.2,238.15 1 0
github.com/floatpane/matcha/daemonclient/service.go:241.110,243.16 2 0
github.com/floatpane/matcha/daemonclient/service.go:243.16,245.3 1 0
github.com/floatpane/matcha/daemonclient/service.go:246.2,246.67 1 0
github.com/floatpane/matcha/daemonclient/service.go:249.116,251.16 2 0
github.com/floatpane/matcha/daemonclient/service.go:251.16,253.3 1 0
github.com/floatpane/matcha/daemonclient/service.go:254.2,254.60 1 0
github.com/floatpane/matcha/daemonclient/service.go:257.85,259.16 2 0
github.com/floatpane/matcha/daemonclient/service.go:259.16,261.3 1 0
github.com/floatpane/matcha/daemonclient/service.go:262.2,262.59 1 0
github.com/floatpane/matcha/daemonclient/service.go:265.86,267.16 2 0
github.com/floatpane/matcha/daemonclient/service.go:267.16,269.3 1 0
github.com/floatpane/matcha/daemonclient/service.go:270.2,270.60 1 0
github.com/floatpane/matcha/daemonclient/service.go:273.92,275.16 2 0
github.com/floatpane/matcha/daemonclient/service.go:275.16,277.3 1 0
github.com/floatpane/matcha/daemonclient/service.go:278.2,278.59 1 0
github.com/floatpane/matcha/daemonclient/service.go:281.81,283.16 2 0
github.com/floatpane/matcha/daemonclient/service.go:283.16,285.3 1 0
github.com/floatpane/matcha/daemonclient/service.go:286.2,286.27 1 0
github.com/floatpane/matcha/daemonclient/service.go:286.27,287.73 1 0
github.com/floatpane/matcha/daemonclient/service.go:287.73,289.4 1 0
github.com/floatpane/matcha/daemonclient/service.go:291.2,291.12 1 0
github.com/floatpane/matcha/daemonclient/service.go:294.82,296.16 2 0
github.com/floatpane/matcha/daemonclient/service.go:296.16,298.3 1 0
github.com/floatpane/matcha/daemonclient/service.go:299.2,299.45 1 0
github.com/floatpane/matcha/daemonclient/service.go:302.58,305.2 1 0
github.com/floatpane/matcha/daemonclient/service.go:307.54,310.2 1 0
github.com/floatpane/matcha/daemonclient/service.go:312.56,314.2 1 0
github.com/floatpane/matcha/daemonclient/service.go:316.58,318.2 1 0
github.com/floatpane/matcha/daemonclient/service.go:320.41,320.57 1 0
github.com/floatpane/matcha/daemonclient/service.go:322.39,323.32 1 0
github.com/floatpane/matcha/daemonclient/service.go:323.32,325.3 1 0
github.com/floatpane/matcha/daemonclient/service.go:326.2,327.12 2 0
github.com/floatpane/matcha/daemon/daemon.go:51.38,63.2 2 0
github.com/floatpane/matcha/daemon/daemon.go:67.30,71.53 2 0
github.com/floatpane/matcha/daemon/daemon.go:71.53,73.3 1 0
github.com/floatpane/matcha/daemon/daemon.go:76.2,77.49 2 0
github.com/floatpane/matcha/daemon/daemon.go:77.49,79.3 1 0
github.com/floatpane/matcha/daemon/daemon.go:82.2,82.42 1 0
github.com/floatpane/matcha/daemon/daemon.go:82.42,84.3 1 0
github.com/floatpane/matcha/daemon/daemon.go:85.2,94.16 6 0
github.com/floatpane/matcha/daemon/daemon.go:94.16,96.3 1 0
github.com/floatpane/matcha/daemon/daemon.go:97.2,134.12 20 0
github.com/floatpane/matcha/daemon/daemon.go:138.29,139.9 1 0
github.com/floatpane/matcha/daemon/daemon.go:140.20,140.20 0 0
github.com/floatpane/matcha/daemon/daemon.go:142.10,143.20 1 0
github.com/floatpane/matcha/daemon/daemon.go:148.39,150.16 2 0
github.com/floatpane/matcha/daemon/daemon.go:150.16,152.3 1 0
github.com/floatpane/matcha/daemon/daemon.go:153.2,164.12 7 0
github.com/floatpane/matcha/daemon/daemon.go:167.34,171.35 3 0
github.com/floatpane/matcha/daemon/daemon.go:171.35,173.48 2 0
github.com/floatpane/matcha/daemon/daemon.go:173.48,174.12 1 0
github.com/floatpane/matcha/daemon/daemon.go:176.3,177.17 2 0
github.com/floatpane/matcha/daemon/daemon.go:177.17,179.12 2 0
github.com/floatpane/matcha/daemon/daemon.go:181.3,182.78 2 0
github.com/floatpane/matcha/daemon/daemon.go:186.31,187.6 1 0
github.com/floatpane/matcha/daemon/daemon.go:187.6,189.17 2 0
github.com/floatpane/matcha/daemon/daemon.go:189.17,190.11 1 0
github.com/floatpane/matcha/daemon/daemon.go:191.22,192.11 1 0
github.com/floatpane/matcha/daemon/daemon.go:193.12,195.13 2 0
github.com/floatpane/matcha/daemon/daemon.go:198.3,200.29 3 0
github.com/floatpane/matcha/daemon/daemon.go:204.53,208.6 3 0
github.com/floatpane/matcha/daemon/daemon.go:208.6,210.17 2 0
github.com/floatpane/matcha/daemon/daemon.go:210.17,213.4 1 0
github.com/floatpane/matcha/daemon/daemon.go:214.3,214.25 1 0
github.com/floatpane/matcha/daemon/daemon.go:214.25,216.4 1 0
github.com/floatpane/matcha/daemon/daemon.go:220.50,225.2 4 0
github.com/floatpane/matcha/daemon/daemon.go:227.53,237.2 7 0
github.com/floatpane/matcha/daemon/daemon.go:239.36,242.30 3 0
github.com/floatpane/matcha/daemon/daemon.go:242.30,244.3 1 0
github.com/floatpane/matcha/daemon/daemon.go:245.2,245.48 1 0
github.com/floatpane/matcha/daemon/daemon.go:248.35,251.33 3 0
github.com/floatpane/matcha/daemon/daemon.go:251.33,252.35 1 0
github.com/floatpane/matcha/daemon/daemon.go:252.35,254.4 1 0
github.com/floatpane/matcha/daemon/daemon.go:259.69,262.30 3 1
github.com/floatpane/matcha/daemon/daemon.go:262.30,263.57 1 1
github.com/floatpane/matcha/daemon/daemon.go:263.57,265.4 1 0
github.com/floatpane/matcha/daemon/daemon.go:270.96,275.42 4 0
github.com/floatpane/matcha/daemon/daemon.go:275.42,276.29 1 0
github.com/floatpane/matcha/daemon/daemon.go:276.29,277.58 1 0
github.com/floatpane/matcha/daemon/daemon.go:277.58,279.5 1 0
github.com/floatpane/matcha/daemon/daemon.go:285.74,289.9 4 0
github.com/floatpane/matcha/daemon/daemon.go:289.9,291.3 1 0
github.com/floatpane/matcha/daemon/daemon.go:292.2,292.15 1 0
github.com/floatpane/matcha/daemon/daemon.go:296.63,300.2 3 0
github.com/floatpane/matcha/daemon/daemon.go:303.54,307.6 3 0
github.com/floatpane/matcha/daemon/daemon.go:307.6,308.10 1 0
github.com/floatpane/matcha/daemon/daemon.go:309.21,310.10 1 0
github.com/floatpane/matcha/daemon/daemon.go:311.19,312.26 1 0
github.com/floatpane/matcha/daemon/daemon.go:317.55,323.32 5 0
github.com/floatpane/matcha/daemon/daemon.go:323.32,324.10 1 0
github.com/floatpane/matcha/daemon/daemon.go:325.21,326.10 1 0
github.com/floatpane/matcha/daemon/daemon.go:327.11,327.11 0 0
github.com/floatpane/matcha/daemon/daemon.go:330.3,336.17 3 0
github.com/floatpane/matcha/daemon/daemon.go:336.17,337.12 1 0
github.com/floatpane/matcha/daemon/daemon.go:340.3,341.17 2 0
github.com/floatpane/matcha/daemon/daemon.go:341.17,348.12 3 0
github.com/floatpane/matcha/daemon/daemon.go:352.3,353.28 2 0
github.com/floatpane/matcha/daemon/daemon.go:353.28,364.4 1 0
github.com/floatpane/matcha/daemon/daemon.go:365.3,365.71 1 0
github.com/floatpane/matcha/daemon/daemon.go:365.71,367.4 1 0
github.com/floatpane/matcha/daemon/daemon.go:369.3,380.35 5 0
github.com/floatpane/matcha/daemon/daemon.go:380.35,381.38 1 0
github.com/floatpane/matcha/daemon/daemon.go:381.38,383.5 1 0
github.com/floatpane/matcha/daemon/daemon.go:389.38,393.35 3 0
github.com/floatpane/matcha/daemon/daemon.go:393.35,397.21 3 0
github.com/floatpane/matcha/daemon/daemon.go:397.21,399.4 1 0
github.com/floatpane/matcha/daemon/daemon.go:400.3,400.25 1 0
github.com/floatpane/matcha/daemon/daemon.go:400.25,401.12 1 0
github.com/floatpane/matcha/daemon/daemon.go:403.3,404.64 2 0
github.com/floatpane/matcha/daemon/daemon.go:409.34,410.6 1 0
github.com/floatpane/matcha/daemon/daemon.go:410.6,411.10 1 0
github.com/floatpane/matcha/daemon/daemon.go:412.21,413.10 1 0
github.com/floatpane/matcha/daemon/daemon.go:414.38,415.11 1 0
github.com/floatpane/matcha/daemon/daemon.go:415.11,417.5 1 0
github.com/floatpane/matcha/daemon/daemon.go:418.4,425.51 5 0
github.com/floatpane/matcha/daemon/daemon.go:425.51,427.71 2 0
github.com/floatpane/matcha/daemon/daemon.go:427.71,429.6 1 0
github.com/floatpane/matcha/daemon/daemon.go:430.5,430.97 1 0
github.com/floatpane/matcha/daemon/daemon.go:434.4,440.59 2 0
github.com/floatpane/matcha/daemon/daemon.go:446.58,448.17 2 0
github.com/floatpane/matcha/daemon/daemon.go:448.17,450.3 1 0
github.com/floatpane/matcha/daemon/daemon.go:452.2,453.16 2 0
github.com/floatpane/matcha/daemon/daemon.go:453.16,456.3 2 0
github.com/floatpane/matcha/daemon/daemon.go:459.2,460.27 2 0
github.com/floatpane/matcha/daemon/daemon.go:460.27,471.3 1 0
github.com/floatpane/matcha/daemon/daemon.go:473.2,473.71 1 0
github.com/floatpane/matcha/daemon/daemon.go:473.71,476.3 2 0
github.com/floatpane/matcha/daemon/daemon.go:478.2,485.4 2 0
github.com/floatpane/matcha/daemon/daemon.go:489.104,498.29 5 0
github.com/floatpane/matcha/daemon/daemon.go:498.29,499.31 1 0
github.com/floatpane/matcha/daemon/daemon.go:499.31,501.4 1 0
github.com/floatpane/matcha/daemon/daemon.go:505.2,508.41 2 0
github.com/floatpane/matcha/daemon/daemon.go:508.41,510.3 1 0
github.com/floatpane/matcha/daemon/daemon.go:513.2,513.56 1 0
github.com/floatpane/matcha/daemon/handler.go:14.78,15.20 1 1
github.com/floatpane/matcha/daemon/handler.go:16.28,17.26 1 1
github.com/floatpane/matcha/daemon/handler.go:18.33,19.31 1 1
github.com/floatpane/matcha/daemon/handler.go:20.35,21.33 1 0
github.com/floatpane/matcha/daemon/handler.go:22.36,23.34 1 0
github.com/floatpane/matcha/daemon/handler.go:24.35,25.33 1 0
github.com/floatpane/matcha/daemon/handler.go:26.38,27.36 1 0
github.com/floatpane/matcha/daemon/handler.go:28.36,29.34 1 0
github.com/floatpane/matcha/daemon/handler.go:30.37,31.35 1 0
github.com/floatpane/matcha/daemon/handler.go:32.34,33.32 1 0
github.com/floatpane/matcha/daemon/handler.go:34.32,35.30 1 0
github.com/floatpane/matcha/daemon/handler.go:36.36,37.34 1 0
github.com/floatpane/matcha/daemon/handler.go:38.37,39.35 1 0
github.com/floatpane/matcha/daemon/handler.go:40.33,41.31 1 1
github.com/floatpane/matcha/daemon/handler.go:42.35,43.33 1 0
github.com/floatpane/matcha/daemon/handler.go:44.10,45.99 1 1
github.com/floatpane/matcha/daemon/handler.go:49.61,51.23 2 1
github.com/floatpane/matcha/daemon/handler.go:51.23,52.61 1 1
github.com/floatpane/matcha/daemon/handler.go:52.61,54.4 1 0
github.com/floatpane/matcha/daemon/handler.go:56.2,56.20 1 1
github.com/floatpane/matcha/daemon/handler.go:59.75,61.2 1 1
github.com/floatpane/matcha/daemon/handler.go:63.80,66.41 3 1
github.com/floatpane/matcha/daemon/handler.go:66.41,68.3 1 0
github.com/floatpane/matcha/daemon/handler.go:69.2,76.4 2 1
github.com/floatpane/matcha/daemon/handler.go:79.82,84.41 4 0
github.com/floatpane/matcha/daemon/handler.go:84.41,86.21 2 0
github.com/floatpane/matcha/daemon/handler.go:86.21,88.4 1 0
github.com/floatpane/matcha/daemon/handler.go:89.3,94.5 1 0
github.com/floatpane/matcha/daemon/handler.go:96.2,96.34 1 0
github.com/floatpane/matcha/daemon/handler.go:99.83,100.41 1 0
github.com/floatpane/matcha/daemon/handler.go:100.41,103.3 2 0
github.com/floatpane/matcha/daemon/handler.go:104.2,104.33 1 0
github.com/floatpane/matcha/daemon/handler.go:107.82,109.16 2 0
github.com/floatpane/matcha/daemon/handler.go:109.16,112.3 2 0
github.com/floatpane/matcha/daemon/handler.go:114.2,115.16 2 0
github.com/floatpane/matcha/daemon/handler.go:115.16,118.3 2 0
github.com/floatpane/matcha/daemon/handler.go:120.2,124.16 4 0
github.com/floatpane/matcha/daemon/handler.go:124.16,127.3 2 0
github.com/floatpane/matcha/daemon/handler.go:129.2,129.35 1 0
github.com/floatpane/matcha/daemon/handler.go:132.85,134.16 2 0
github.com/floatpane/matcha/daemon/handler.go:134.16,137.3 2 0
github.com/floatpane/matcha/daemon/handler.go:139.2,140.16 2 0
github.com/floatpane/matcha/daemon/handler.go:140.16,143.3 2 0
github.com/floatpane/matcha/daemon/handler.go:145.2,149.16 4 0
github.com/floatpane/matcha/daemon/handler.go:149.16,152.3 2 0
github.com/floatpane/matcha/daemon/handler.go:155.2,156.34 2 0
github.com/floatpane/matcha/daemon/handler.go:156.34,163.3 1 0
github.com/floatpane/matcha/daemon/handler.go:165.2,168.4 1 0
github.com/floatpane/matcha/daemon/handler.go:171.83,173.16 2 0
github.com/floatpane/matcha/daemon/handler.go:173.16,176.3 2 0
github.com/floatpane/matcha/daemon/handler.go:178.2,179.16 2 0
github.com/floatpane/matcha/daemon/handler.go:179.16,182.3 2 0
github.com/floatpane/matcha/daemon/handler.go:184.2,187.72 3 0
github.com/floatpane/matcha/daemon/handler.go:187.72,190.3 2 0
github.com/floatpane/matcha/daemon/handler.go:191.2,191.33 1 0
github.com/floatpane/matcha/daemon/handler.go:194.84,196.16 2 0
github.com/floatpane/matcha/daemon/handler.go:196.16,199.3 2 0
github.com/floatpane/matcha/daemon/handler.go:201.2,202.16 2 0
github.com/floatpane/matcha/daemon/handler.go:202.16,205.3 2 0
github.com/floatpane/matcha/daemon/handler.go:207.2,210.73 3 0
github.com/floatpane/matcha/daemon/handler.go:210.73,213.3 2 0
github.com/floatpane/matcha/daemon/handler.go:214.2,214.33 1 0
github.com/floatpane/matcha/daemon/handler.go:217.81,219.16 2 0
github.com/floatpane/matcha/daemon/handler.go:219.16,222.3 2 0
github.com/floatpane/matcha/daemon/handler.go:224.2,225.16 2 0
github.com/floatpane/matcha/daemon/handler.go:225.16,228.3 2 0
github.com/floatpane/matcha/daemon/handler.go:230.2,233.95 3 0
github.com/floatpane/matcha/daemon/handler.go:233.95,236.3 2 0
github.com/floatpane/matcha/daemon/handler.go:237.2,237.33 1 0
github.com/floatpane/matcha/daemon/handler.go:240.79,242.16 2 0
github.com/floatpane/matcha/daemon/handler.go:242.16,245.3 2 0
github.com/floatpane/matcha/daemon/handler.go:247.2,248.16 2 0
github.com/floatpane/matcha/daemon/handler.go:248.16,251.3 2 0
github.com/floatpane/matcha/daemon/handler.go:253.2,257.34 3 0
github.com/floatpane/matcha/daemon/handler.go:257.34,258.63 1 0
github.com/floatpane/matcha/daemon/handler.go:258.63,260.4 1 0
github.com/floatpane/matcha/daemon/handler.go:262.2,262.33 1 0
github.com/floatpane/matcha/daemon/handler.go:265.83,267.16 2 0
github.com/floatpane/matcha/daemon/handler.go:267.16,270.3 2 0
github.com/floatpane/matcha/daemon/handler.go:272.2,273.16 2 0
github.com/floatpane/matcha/daemon/handler.go:273.16,276.3 2 0
github.com/floatpane/matcha/daemon/handler.go:278.2,282.16 4 0
github.com/floatpane/matcha/daemon/handler.go:282.16,285.3 2 0
github.com/floatpane/matcha/daemon/handler.go:286.2,286.36 1 0
github.com/floatpane/matcha/daemon/handler.go:289.84,291.16 2 0
github.com/floatpane/matcha/daemon/handler.go:291.16,294.3 2 0
github.com/floatpane/matcha/daemon/handler.go:297.2,297.12 1 0
github.com/floatpane/matcha/daemon/handler.go:297.12,299.17 2 0
github.com/floatpane/matcha/daemon/handler.go:299.17,302.4 2 0
github.com/floatpane/matcha/daemon/handler.go:304.3,313.17 5 0
github.com/floatpane/matcha/daemon/handler.go:313.17,320.4 2 0
github.com/floatpane/matcha/daemon/handler.go:322.3,326.5 1 0
github.com/floatpane/matcha/daemon/handler.go:329.2,329.33 1 0
github.com/floatpane/matcha/daemon/handler.go:332.80,334.16 2 1
github.com/floatpane/matcha/daemon/handler.go:334.16,337.3 2 0
github.com/floatpane/matcha/daemon/handler.go:339.2,342.34 3 1
github.com/floatpane/matcha/daemon/handler.go:342.34,344.3 1 1
github.com/floatpane/matcha/daemon/handler.go:345.2,349.33 4 1
github.com/floatpane/matcha/daemon/handler.go:352.82,354.16 2 0
github.com/floatpane/matcha/daemon/handler.go:354.16,357.3 2 0
github.com/floatpane/matcha/daemon/handler.go:359.2,362.43 3 0
github.com/floatpane/matcha/daemon/handler.go:362.43,364.3 1 0
github.com/floatpane/matcha/daemon/handler.go:365.2,367.33 2 0
github.com/floatpane/matcha/daemon/pidfile_unix.go:14.34,16.2 1 1
github.com/floatpane/matcha/daemon/pidfile_unix.go:19.40,21.16 2 1
github.com/floatpane/matcha/daemon/pidfile_unix.go:21.16,23.3 1 1
github.com/floatpane/matcha/daemon/pidfile_unix.go:24.2,25.16 2 1
github.com/floatpane/matcha/daemon/pidfile_unix.go:25.16,27.3 1 1
github.com/floatpane/matcha/daemon/pidfile_unix.go:28.2,28.17 1 1
github.com/floatpane/matcha/daemon/pidfile_unix.go:32.41,34.16 2 1
github.com/floatpane/matcha/daemon/pidfile_unix.go:34.16,36.3 1 1
github.com/floatpane/matcha/daemon/pidfile_unix.go:38.2,39.24 2 1
github.com/floatpane/matcha/daemon/pidfile_unix.go:43.35,45.2 1 1
github.com/floatpane/matcha/daemon/signals.go:13.34,17.6 3 0
github.com/floatpane/matcha/daemon/signals.go:17.6,18.10 1 0
github.com/floatpane/matcha/daemon/signals.go:19.20,20.15 1 0
github.com/floatpane/matcha/daemon/signals.go:21.41,24.11 3 0
github.com/floatpane/matcha/daemon/signals.go:25.24,27.44 2 0
github.com/floatpane/matcha/daemon/signals.go:27.44,29.6 1 0
github.com/floatpane/matcha/daemon/signals.go:31.21,32.10 1 0
github.com/floatpane/matcha/config/cache.go:31.34,33.16 2 0
github.com/floatpane/matcha/config/cache.go:33.16,35.3 1 0
github.com/floatpane/matcha/config/cache.go:36.2,36.52 1 0
github.com/floatpane/matcha/config/cache.go:40.46,42.16 2 0
github.com/floatpane/matcha/config/cache.go:42.16,44.3 1 0
github.com/floatpane/matcha/config/cache.go:45.2,45.62 1 0
github.com/floatpane/matcha/config/cache.go:45.62,47.3 1 0
github.com/floatpane/matcha/config/cache.go:48.2,50.16 3 0
github.com/floatpane/matcha/config/cache.go:50.16,52.3 1 0
github.com/floatpane/matcha/config/cache.go:53.2,53.42 1 0
github.com/floatpane/matcha/config/cache.go:57.44,59.16 2 0
github.com/floatpane/matcha/config/cache.go:59.16,61.3 1 0
github.com/floatpane/matcha/config/cache.go:62.2,63.16 2 0
github.com/floatpane/matcha/config/cache.go:63.16,65.3 1 0
github.com/floatpane/matcha/config/cache.go:66.2,67.53 2 0
github.com/floatpane/matcha/config/cache.go:67.53,69.3 1 0
github.com/floatpane/matcha/config/cache.go:70.2,70.20 1 0
github.com/floatpane/matcha/config/cache.go:74.27,76.16 2 0
github.com/floatpane/matcha/config/cache.go:76.16,78.3 1 0
github.com/floatpane/matcha/config/cache.go:79.2,80.19 2 0
github.com/floatpane/matcha/config/cache.go:84.30,86.16 2 0
github.com/floatpane/matcha/config/cache.go:86.16,88.3 1 0
github.com/floatpane/matcha/config/cache.go:89.2,89.24 1 0
github.com/floatpane/matcha/config/cache.go:109.45,111.16 2 1
github.com/floatpane/matcha/config/cache.go:111.16,113.3 1 0
github.com/floatpane/matcha/config/cache.go:114.2,114.49 1 1
github.com/floatpane/matcha/config/cache.go:118.52,120.16 2 1
github.com/floatpane/matcha/config/cache.go:120.16,122.3 1 0
github.com/floatpane/matcha/config/cache.go:123.2,123.62 1 1
github.com/floatpane/matcha/config/cache.go:123.62,125.3 1 0
github.com/floatpane/matcha/config/cache.go:126.2,128.16 3 1
github.com/floatpane/matcha/config/cache.go:128.16,130.3 1 0
github.com/floatpane/matcha/config/cache.go:131.2,131.42 1 1
github.com/floatpane/matcha/config/cache.go:135.50,137.16 2 1
github.com/floatpane/matcha/config/cache.go:137.16,139.3 1 0
github.com/floatpane/matcha/config/cache.go:140.2,141.16 2 1
github.com/floatpane/matcha/config/cache.go:141.16,143.3 1 1
github.com/floatpane/matcha/config/cache.go:144.2,145.53 2 1
github.com/floatpane/matcha/config/cache.go:145.53,147.3 1 0
github.com/floatpane/matcha/config/cache.go:148.2,148.20 1 1
github.com/floatpane/matcha/config/cache.go:151.49,153.2 1 1
github.com/floatpane/matcha/config/cache.go:156.43,157.17 1 1
github.com/floatpane/matcha/config/cache.go:157.17,159.3 1 0
github.com/floatpane/matcha/config/cache.go:161.2,165.16 4 1
github.com/floatpane/matcha/config/cache.go:165.16,167.3 1 1
github.com/floatpane/matcha/config/cache.go:170.2,171.35 2 1
github.com/floatpane/matcha/config/cache.go:171.35,172.40 1 1
github.com/floatpane/matcha/config/cache.go:172.40,178.55 4 1
github.com/floatpane/matcha/config/cache.go:178.55,180.5 1 0
github.com/floatpane/matcha/config/cache.go:181.4,182.9 2 1
github.com/floatpane/matcha/config/cache.go:186.2,186.12 1 1
github.com/floatpane/matcha/config/cache.go:186.12,193.3 1 1
github.com/floatpane/matcha/config/cache.go:195.2,195.33 1 1
github.com/floatpane/matcha/config/cache.go:199.45,201.16 2 0
github.com/floatpane/matcha/config/cache.go:201.16,203.3 1 0
github.com/floatpane/matcha/config/cache.go:205.2,206.17 2 0
github.com/floatpane/matcha/config/cache.go:206.17,208.3 1 0
github.com/floatpane/matcha/config/cache.go:210.2,214.16 3 0
github.com/floatpane/matcha/config/cache.go:214.16,215.41 1 0
github.com/floatpane/matcha/config/cache.go:215.41,216.59 1 0
github.com/floatpane/matcha/config/cache.go:216.59,224.5 1 0
github.com/floatpane/matcha/config/cache.go:228.2,228.35 1 0
github.com/floatpane/matcha/config/cache.go:228.35,230.53 1 0
github.com/floatpane/matcha/config/cache.go:230.53,232.4 1 0
github.com/floatpane/matcha/config/cache.go:236.2,236.42 1 0
github.com/floatpane/matcha/config/cache.go:236.42,237.49 1 0
github.com/floatpane/matcha/config/cache.go:237.49,239.4 1 0
github.com/floatpane/matcha/config/cache.go:240.3,240.56 1 0
github.com/floatpane/matcha/config/cache.go:244.2,244.22 1 0
github.com/floatpane/matcha/config/cache.go:244.22,246.3 1 0
github.com/floatpane/matcha/config/cache.go:248.2,248.16 1 0
github.com/floatpane/matcha/config/cache.go:277.35,279.16 2 0
github.com/floatpane/matcha/config/cache.go:279.16,281.3 1 0
github.com/floatpane/matcha/config/cache.go:282.2,282.47 1 0
github.com/floatpane/matcha/config/cache.go:286.48,288.16 2 0
github.com/floatpane/matcha/config/cache.go:288.16,290.3 1 0
github.com/floatpane/matcha/config/cache.go:291.2,291.62 1 0
github.com/floatpane/matcha/config/cache.go:291.62,293.3 1 0
github.com/floatpane/matcha/config/cache.go:294.2,296.16 3 0
github.com/floatpane/matcha/config/cache.go:296.16,298.3 1 0
github.com/floatpane/matcha/config/cache.go:299.2,299.42 1 0
github.com/floatpane/matcha/config/cache.go:303.46,305.16 2 0
github.com/floatpane/matcha/config/cache.go:305.16,307.3 1 0
github.com/floatpane/matcha/config/cache.go:308.2,309.16 2 0
github.com/floatpane/matcha/config/cache.go:309.16,311.3 1 0
github.com/floatpane/matcha/config/cache.go:312.2,313.53 2 0
github.com/floatpane/matcha/config/cache.go:313.53,315.3 1 0
github.com/floatpane/matcha/config/cache.go:316.2,316.20 1 0
github.com/floatpane/matcha/config/cache.go:320.35,322.16 2 0
github.com/floatpane/matcha/config/cache.go:322.16,324.3 1 0
github.com/floatpane/matcha/config/cache.go:326.2,330.33 3 0
github.com/floatpane/matcha/config/cache.go:330.33,331.23 1 0
github.com/floatpane/matcha/config/cache.go:331.23,334.9 3 0
github.com/floatpane/matcha/config/cache.go:338.2,338.12 1 0
github.com/floatpane/matcha/config/cache.go:338.12,339.31 1 0
github.com/floatpane/matcha/config/cache.go:339.31,341.4 1 0
github.com/floatpane/matcha/config/cache.go:342.3,342.45 1 0
github.com/floatpane/matcha/config/cache.go:345.2,345.31 1 0
github.com/floatpane/matcha/config/cache.go:349.35,351.16 2 0
github.com/floatpane/matcha/config/cache.go:351.16,353.3 1 0
github.com/floatpane/matcha/config/cache.go:355.2,356.33 2 0
github.com/floatpane/matcha/config/cache.go:356.33,357.17 1 0
github.com/floatpane/matcha/config/cache.go:357.17,359.4 1 0
github.com/floatpane/matcha/config/cache.go:361.2,363.31 2 0
github.com/floatpane/matcha/config/cache.go:367.33,369.16 2 0
github.com/floatpane/matcha/config/cache.go:369.16,371.3 1 0
github.com/floatpane/matcha/config/cache.go:373.2,373.33 1 0
github.com/floatpane/matcha/config/cache.go:373.33,374.17 1 0
github.com/floatpane/matcha/config/cache.go:374.17,376.4 1 0
github.com/floatpane/matcha/config/cache.go:378.2,378.12 1 0
github.com/floatpane/matcha/config/cache.go:382.29,384.16 2 0
github.com/floatpane/matcha/config/cache.go:384.16,386.3 1 0
github.com/floatpane/matcha/config/cache.go:388.2,389.41 2 0
github.com/floatpane/matcha/config/cache.go:389.41,391.3 1 0
github.com/floatpane/matcha/config/cache.go:393.2,393.15 1 0
github.com/floatpane/matcha/config/cache.go:397.23,399.16 2 0
github.com/floatpane/matcha/config/cache.go:399.16,401.3 1 0
github.com/floatpane/matcha/config/cache.go:402.2,402.30 1 0
github.com/floatpane/matcha/config/cache.go:439.37,441.16 2 0
github.com/floatpane/matcha/config/cache.go:441.16,443.3 1 0
github.com/floatpane/matcha/config/cache.go:444.2,444.48 1 0
github.com/floatpane/matcha/config/cache.go:448.55,450.16 2 0
github.com/floatpane/matcha/config/cache.go:450.16,452.3 1 0
github.com/floatpane/matcha/config/cache.go:453.2,454.46 2 0
github.com/floatpane/matcha/config/cache.go:458.69,460.16 2 0
github.com/floatpane/matcha/config/cache.go:460.16,462.3 1 0
github.com/floatpane/matcha/config/cache.go:463.2,464.16 2 0
github.com/floatpane/matcha/config/cache.go:464.16,466.3 1 0
github.com/floatpane/matcha/config/cache.go:467.2,468.53 2 0
github.com/floatpane/matcha/config/cache.go:468.53,470.3 1 0
github.com/floatpane/matcha/config/cache.go:471.2,471.20 1 0
github.com/floatpane/matcha/config/cache.go:475.54,477.16 2 0
github.com/floatpane/matcha/config/cache.go:477.16,479.3 1 0
github.com/floatpane/matcha/config/cache.go:480.2,480.62 1 0
github.com/floatpane/matcha/config/cache.go:480.62,482.3 1 0
github.com/floatpane/matcha/config/cache.go:483.2,485.16 3 0
github.com/floatpane/matcha/config/cache.go:485.16,487.3 1 0
github.com/floatpane/matcha/config/cache.go:488.2,488.42 1 0
github.com/floatpane/matcha/config/cache.go:492.91,494.16 2 0
github.com/floatpane/matcha/config/cache.go:494.16,496.3 1 0
github.com/floatpane/matcha/config/cache.go:497.2,497.33 1 0
github.com/floatpane/matcha/config/cache.go:497.33,498.47 1 0
github.com/floatpane/matcha/config/cache.go:498.47,500.4 1 0
github.com/floatpane/matcha/config/cache.go:502.2,502.12 1 0
github.com/floatpane/matcha/config/cache.go:506.67,508.16 2 0
github.com/floatpane/matcha/config/cache.go:508.16,510.3 1 0
github.com/floatpane/matcha/config/cache.go:512.2,516.33 3 0
github.com/floatpane/matcha/config/cache.go:516.33,517.57 1 0
github.com/floatpane/matcha/config/cache.go:517.57,520.9 3 0
github.com/floatpane/matcha/config/cache.go:523.2,523.12 1 0
github.com/floatpane/matcha/config/cache.go:523.12,525.3 1 0
github.com/floatpane/matcha/config/cache.go:527.2,527.34 1 0
github.com/floatpane/matcha/config/cache.go:532.80,534.16 2 0
github.com/floatpane/matcha/config/cache.go:534.16,536.3 1 0
github.com/floatpane/matcha/config/cache.go:538.2,539.33 2 0
github.com/floatpane/matcha/config/cache.go:539.33,540.64 1 0
github.com/floatpane/matcha/config/cache.go:540.64,542.4 1 0
github.com/floatpane/matcha/config/cache.go:545.2,545.36 1 0
github.com/floatpane/matcha/config/cache.go:545.36,547.3 1 0
github.com/floatpane/matcha/config/cache.go:549.2,550.34 2 0
github.com/floatpane/matcha/config/config.go:94.41,96.13 2 1
github.com/floatpane/matcha/config/config.go:96.13,98.3 1 1
github.com/floatpane/matcha/config/config.go:99.2,99.31 1 1
github.com/floatpane/matcha/config/config.go:106.43,109.17 3 1
github.com/floatpane/matcha/config/config.go:109.17,111.10 2 1
github.com/floatpane/matcha/config/config.go:112.40,114.10 2 1
github.com/floatpane/matcha/config/config.go:115.38,117.10 2 1
github.com/floatpane/matcha/config/config.go:118.38,120.10 2 1
github.com/floatpane/matcha/config/config.go:121.38,123.10 2 1
github.com/floatpane/matcha/config/config.go:124.38,126.10 2 1
github.com/floatpane/matcha/config/config.go:127.38,129.10 2 1
github.com/floatpane/matcha/config/config.go:130.69,132.10 2 1
github.com/floatpane/matcha/config/config.go:133.38,135.70 2 1
github.com/floatpane/matcha/config/config.go:135.70,137.5 1 1
github.com/floatpane/matcha/config/config.go:137.10,139.5 1 1
github.com/floatpane/matcha/config/config.go:140.4,140.10 1 1
github.com/floatpane/matcha/config/config.go:141.69,143.10 2 1
github.com/floatpane/matcha/config/config.go:144.11,146.7 2 1
github.com/floatpane/matcha/config/config.go:149.2,149.19 1 1
github.com/floatpane/matcha/config/config.go:153.42,154.27 1 1
github.com/floatpane/matcha/config/config.go:155.15,156.26 1 1
github.com/floatpane/matcha/config/config.go:157.17,158.33 1 0
github.com/floatpane/matcha/config/config.go:159.16,160.28 1 1
github.com/floatpane/matcha/config/config.go:161.16,162.22 1 1
github.com/floatpane/matcha/config/config.go:163.10,164.12 1 1
github.com/floatpane/matcha/config/config.go:169.37,170.27 1 1
github.com/floatpane/matcha/config/config.go:171.36,172.13 1 1
github.com/floatpane/matcha/config/config.go:173.16,174.22 1 1
github.com/floatpane/matcha/config/config.go:174.22,176.4 1 1
github.com/floatpane/matcha/config/config.go:177.3,177.13 1 1
github.com/floatpane/matcha/config/config.go:178.10,179.13 1 0
github.com/floatpane/matcha/config/config.go:184.42,185.27 1 1
github.com/floatpane/matcha/config/config.go:186.15,187.26 1 1
github.com/floatpane/matcha/config/config.go:188.17,189.30 1 0
github.com/floatpane/matcha/config/config.go:190.16,191.28 1 1
github.com/floatpane/matcha/config/config.go:192.16,193.22 1 1
github.com/floatpane/matcha/config/config.go:194.10,195.12 1 1
github.com/floatpane/matcha/config/config.go:200.37,201.27 1 1
github.com/floatpane/matcha/config/config.go:202.36,203.13 1 1
github.com/floatpane/matcha/config/config.go:204.16,205.22 1 1
github.com/floatpane/matcha/config/config.go:205.22,207.4 1 1
github.com/floatpane/matcha/config/config.go:208.3,208.13 1 1
github.com/floatpane/matcha/config/config.go:209.10,210.13 1 0
github.com/floatpane/matcha/config/config.go:215.42,216.24 1 1
github.com/floatpane/matcha/config/config.go:216.24,218.3 1 1
github.com/floatpane/matcha/config/config.go:219.2,219.16 1 1
github.com/floatpane/matcha/config/config.go:223.43,224.25 1 1
github.com/floatpane/matcha/config/config.go:224.25,226.3 1 1
github.com/floatpane/matcha/config/config.go:227.2,227.26 1 1
github.com/floatpane/matcha/config/config.go:231.45,233.34 2 1
github.com/floatpane/matcha/config/config.go:233.34,235.3 1 1
github.com/floatpane/matcha/config/config.go:236.2,236.15 1 0
github.com/floatpane/matcha/config/config.go:240.42,241.24 1 0
github.com/floatpane/matcha/config/config.go:241.24,243.3 1 0
github.com/floatpane/matcha/config/config.go:244.2,244.11 1 0
github.com/floatpane/matcha/config/config.go:248.37,249.21 1 0
github.com/floatpane/matcha/config/config.go:249.21,251.3 1 0
github.com/floatpane/matcha/config/config.go:252.2,252.12 1 0
github.com/floatpane/matcha/config/config.go:256.37,258.2 1 0
github.com/floatpane/matcha/config/config.go:261.34,263.16 2 1
github.com/floatpane/matcha/config/config.go:263.16,265.3 1 0
github.com/floatpane/matcha/config/config.go:266.2,266.54 1 1
github.com/floatpane/matcha/config/config.go:270.36,272.2 1 0
github.com/floatpane/matcha/config/config.go:275.33,277.16 2 1
github.com/floatpane/matcha/config/config.go:277.16,279.3 1 0
github.com/floatpane/matcha/config/config.go:280.2,280.53 1 1
github.com/floatpane/matcha/config/config.go:285.32,287.16 2 0
github.com/floatpane/matcha/config/config.go:287.16,289.3 1 0
github.com/floatpane/matcha/config/config.go:290.2,291.16 2 0
github.com/floatpane/matcha/config/config.go:291.16,293.3 1 0
github.com/floatpane/matcha/config/config.go:294.2,294.47 1 0
github.com/floatpane/matcha/config/config.go:294.47,296.3 1 0
github.com/floatpane/matcha/config/config.go:299.2,300.26 2 0
github.com/floatpane/matcha/config/config.go:300.26,303.45 3 0
github.com/floatpane/matcha/config/config.go:303.45,305.46 1 0
github.com/floatpane/matcha/config/config.go:305.46,306.55 1 0
github.com/floatpane/matcha/config/config.go:306.55,308.6 1 0
github.com/floatpane/matcha/config/config.go:314.2,316.62 3 0
github.com/floatpane/matcha/config/config.go:316.62,317.44 1 0
github.com/floatpane/matcha/config/config.go:317.44,318.52 1 0
github.com/floatpane/matcha/config/config.go:318.52,320.5 1 0
github.com/floatpane/matcha/config/config.go:324.2,324.12 1 0
github.com/floatpane/matcha/config/config.go:328.35,330.16 2 1
github.com/floatpane/matcha/config/config.go:330.16,332.3 1 0
github.com/floatpane/matcha/config/config.go:333.2,333.47 1 1
github.com/floatpane/matcha/config/config.go:376.39,379.17 2 1
github.com/floatpane/matcha/config/config.go:379.17,384.39 1 1
github.com/floatpane/matcha/config/config.go:384.39,385.26 1 1
github.com/floatpane/matcha/config/config.go:385.26,386.84 1 1
github.com/floatpane/matcha/config/config.go:386.84,388.6 1 0
github.com/floatpane/matcha/config/config.go:390.4,390.57 1 1
github.com/floatpane/matcha/config/config.go:390.57,391.93 1 0
github.com/floatpane/matcha/config/config.go:391.93,393.6 1 0
github.com/floatpane/matcha/config/config.go:398.2,399.16 2 1
github.com/floatpane/matcha/config/config.go:399.16,401.3 1 0
github.com/floatpane/matcha/config/config.go:402.2,402.62 1 1
github.com/floatpane/matcha/config/config.go:402.62,404.3 1 0
github.com/floatpane/matcha/config/config.go:406.2,407.16 2 1
github.com/floatpane/matcha/config/config.go:407.16,417.39 2 0
github.com/floatpane/matcha/config/config.go:417.39,445.4 1 0
github.com/floatpane/matcha/config/config.go:446.3,446.48 1 0
github.com/floatpane/matcha/config/config.go:447.8,449.3 1 1
github.com/floatpane/matcha/config/config.go:450.2,450.16 1 1
github.com/floatpane/matcha/config/config.go:450.16,452.3 1 0
github.com/floatpane/matcha/config/config.go:453.2,453.42 1 1
github.com/floatpane/matcha/config/config.go:458.36,460.16 2 1
github.com/floatpane/matcha/config/config.go:460.16,462.3 1 0
github.com/floatpane/matcha/config/config.go:463.2,464.16 2 1
github.com/floatpane/matcha/config/config.go:464.16,466.3 1 0
github.com/floatpane/matcha/config/config.go:468.2,511.51 7 1
github.com/floatpane/matcha/config/config.go:511.51,513.101 2 0
github.com/floatpane/matcha/config/config.go:513.101,527.54 2 0
github.com/floatpane/matcha/config/config.go:527.54,529.5 1 0
github.com/floatpane/matcha/config/config.go:530.4,530.23 1 0
github.com/floatpane/matcha/config/config.go:532.3,532.18 1 0
github.com/floatpane/matcha/config/config.go:535.2,541.38 7 1
github.com/floatpane/matcha/config/config.go:541.38,569.92 2 1
github.com/floatpane/matcha/config/config.go:569.92,571.4 1 0
github.com/floatpane/matcha/config/config.go:573.3,573.17 1 1
github.com/floatpane/matcha/config/config.go:573.17,577.4 2 0
github.com/floatpane/matcha/config/config.go:577.9,577.35 1 1
github.com/floatpane/matcha/config/config.go:577.35,579.89 1 0
github.com/floatpane/matcha/config/config.go:579.89,581.5 1 0
github.com/floatpane/matcha/config/config.go:582.4,583.25 2 0
github.com/floatpane/matcha/config/config.go:584.9,586.74 1 1
github.com/floatpane/matcha/config/config.go:586.74,588.5 1 1
github.com/floatpane/matcha/config/config.go:591.3,591.18 1 1
github.com/floatpane/matcha/config/config.go:591.18,593.37 1 1
github.com/floatpane/matcha/config/config.go:593.37,594.86 1 0
github.com/floatpane/matcha/config/config.go:594.86,596.6 1 0
github.com/floatpane/matcha/config/config.go:600.3,600.49 1 1
github.com/floatpane/matcha/config/config.go:603.2,603.20 1 1
github.com/floatpane/matcha/config/config.go:603.20,604.53 1 0
github.com/floatpane/matcha/config/config.go:604.53,606.4 1 0
github.com/floatpane/matcha/config/config.go:609.2,609.21 1 1
github.com/floatpane/matcha/config/config.go:621.46,622.22 1 1
github.com/floatpane/matcha/config/config.go:622.22,624.3 1 1
github.com/floatpane/matcha/config/config.go:626.2,626.53 1 1
github.com/floatpane/matcha/config/config.go:626.53,628.3 1 1
github.com/floatpane/matcha/config/config.go:629.2,629.42 1 1
github.com/floatpane/matcha/config/config.go:633.48,634.33 1 1
github.com/floatpane/matcha/config/config.go:634.33,635.19 1 1
github.com/floatpane/matcha/config/config.go:635.19,640.102 1 1
github.com/floatpane/matcha/config/config.go:640.102,642.5 1 0
github.com/floatpane/matcha/config/config.go:644.4,644.113 1 1
github.com/floatpane/matcha/config/config.go:644.113,646.5 1 0
github.com/floatpane/matcha/config/config.go:648.4,649.15 2 1
github.com/floatpane/matcha/config/config.go:652.2,652.14 1 1
github.com/floatpane/matcha/config/config.go:656.53,657.28 1 1
github.com/floatpane/matcha/config/config.go:657.28,658.29 1 1
github.com/floatpane/matcha/config/config.go:658.29,660.4 1 1
github.com/floatpane/matcha/config/config.go:662.2,662.12 1 1
github.com/floatpane/matcha/config/config.go:666.59,667.28 1 1
github.com/floatpane/matcha/config/config.go:667.28,668.35 1 1
github.com/floatpane/matcha/config/config.go:668.35,670.4 1 1
github.com/floatpane/matcha/config/config.go:672.2,672.12 1 1
github.com/floatpane/matcha/config/config.go:676.37,678.2 1 1
github.com/floatpane/matcha/config/config.go:681.45,682.25 1 0
github.com/floatpane/matcha/config/config.go:682.25,684.3 1 0
github.com/floatpane/matcha/config/config.go:685.2,685.12 1 0
github.com/floatpane/matcha/config/config.go:689.27,691.16 2 0
github.com/floatpane/matcha/config/config.go:691.16,693.3 1 0
github.com/floatpane/matcha/config/config.go:694.2,695.34 2 0
github.com/floatpane/matcha/config/encryption.go:45.32,49.2 3 0
github.com/floatpane/matcha/config/encryption.go:52.29,56.2 3 1
github.com/floatpane/matcha/config/encryption.go:59.24,63.28 3 0
github.com/floatpane/matcha/config/encryption.go:63.28,65.3 1 0
github.com/floatpane/matcha/config/encryption.go:66.2,66.18 1 0
github.com/floatpane/matcha/config/encryption.go:70.53,72.2 1 0
github.com/floatpane/matcha/config/encryption.go:75.99,77.2 1 0
github.com/floatpane/matcha/config/encryption.go:80.53,82.16 2 0
github.com/floatpane/matcha/config/encryption.go:82.16,84.3 1 0
github.com/floatpane/matcha/config/encryption.go:85.2,86.16 2 0
github.com/floatpane/matcha/config/encryption.go:86.16,88.3 1 0
github.com/floatpane/matcha/config/encryption.go:89.2,90.44 2 0
github.com/floatpane/matcha/config/encryption.go:90.44,92.3 1 0
github.com/floatpane/matcha/config/encryption.go:93.2,93.55 1 0
github.com/floatpane/matcha/config/encryption.go:97.54,99.16 2 0
github.com/floatpane/matcha/config/encryption.go:99.16,101.3 1 0
github.com/floatpane/matcha/config/encryption.go:102.2,103.16 2 0
github.com/floatpane/matcha/config/encryption.go:103.16,105.3 1 0
github.com/floatpane/matcha/config/encryption.go:106.2,107.33 2 0
github.com/floatpane/matcha/config/encryption.go:107.33,109.3 1 0
github.com/floatpane/matcha/config/encryption.go:110.2,112.16 3 0
github.com/floatpane/matcha/config/encryption.go:112.16,114.3 1 0
github.com/floatpane/matcha/config/encryption.go:115.2,115.23 1 0
github.com/floatpane/matcha/config/encryption.go:119.39,121.16 2 0
github.com/floatpane/matcha/config/encryption.go:121.16,123.3 1 0
github.com/floatpane/matcha/config/encryption.go:124.2,124.48 1 0
github.com/floatpane/matcha/config/encryption.go:128.33,130.16 2 0
github.com/floatpane/matcha/config/encryption.go:130.16,132.3 1 0
github.com/floatpane/matcha/config/encryption.go:133.2,134.19 2 0
github.com/floatpane/matcha/config/encryption.go:138.44,140.16 2 0
github.com/floatpane/matcha/config/encryption.go:140.16,142.3 1 0
github.com/floatpane/matcha/config/encryption.go:143.2,144.16 2 0
github.com/floatpane/matcha/config/encryption.go:144.16,146.3 1 0
github.com/floatpane/matcha/config/encryption.go:147.2,148.52 2 0
github.com/floatpane/matcha/config/encryption.go:148.52,150.3 1 0
github.com/floatpane/matcha/config/encryption.go:151.2,151.19 1 0
github.com/floatpane/matcha/config/encryption.go:156.54,158.16 2 0
github.com/floatpane/matcha/config/encryption.go:158.16,160.3 1 0
github.com/floatpane/matcha/config/encryption.go:162.2,163.16 2 0
github.com/floatpane/matcha/config/encryption.go:163.16,165.3 1 0
github.com/floatpane/matcha/config/encryption.go:167.2,170.16 3 0
github.com/floatpane/matcha/config/encryption.go:170.16,172.3 1 0
github.com/floatpane/matcha/config/encryption.go:174.2,175.16 2 0
github.com/floatpane/matcha/config/encryption.go:175.16,177.3 1 0
github.com/floatpane/matcha/config/encryption.go:179.2,179.44 1 0
github.com/floatpane/matcha/config/encryption.go:179.44,181.3 1 0
github.com/floatpane/matcha/config/encryption.go:183.2,183.17 1 0
github.com/floatpane/matcha/config/encryption.go:190.59,193.43 2 0
github.com/floatpane/matcha/config/encryption.go:193.43,195.3 1 0
github.com/floatpane/matcha/config/encryption.go:197.2,201.16 3 0
github.com/floatpane/matcha/config/encryption.go:201.16,203.3 1 0
github.com/floatpane/matcha/config/encryption.go:205.2,214.16 3 0
github.com/floatpane/matcha/config/encryption.go:214.16,216.3 1 0
github.com/floatpane/matcha/config/encryption.go:218.2,219.16 2 0
github.com/floatpane/matcha/config/encryption.go:219.16,221.3 1 0
github.com/floatpane/matcha/config/encryption.go:222.2,222.62 1 0
github.com/floatpane/matcha/config/encryption.go:222.62,224.3 1 0
github.com/floatpane/matcha/config/encryption.go:227.2,231.16 2 0
github.com/floatpane/matcha/config/encryption.go:231.16,232.41 1 0
github.com/floatpane/matcha/config/encryption.go:232.41,235.4 2 0
github.com/floatpane/matcha/config/encryption.go:239.2,239.46 1 0
github.com/floatpane/matcha/config/encryption.go:239.46,242.3 2 0
github.com/floatpane/matcha/config/encryption.go:245.2,245.59 1 0
github.com/floatpane/matcha/config/encryption.go:245.59,248.3 2 0
github.com/floatpane/matcha/config/encryption.go:250.2,250.12 1 0
github.com/floatpane/matcha/config/encryption.go:255.43,258.16 2 0
github.com/floatpane/matcha/config/encryption.go:258.16,260.3 1 0
github.com/floatpane/matcha/config/encryption.go:263.2,273.26 5 0
github.com/floatpane/matcha/config/encryption.go:273.26,274.19 1 0
github.com/floatpane/matcha/config/encryption.go:274.19,275.12 1 0
github.com/floatpane/matcha/config/encryption.go:277.3,278.17 2 0
github.com/floatpane/matcha/config/encryption.go:278.17,279.12 1 0
github.com/floatpane/matcha/config/encryption.go:281.3,282.17 2 0
github.com/floatpane/matcha/config/encryption.go:282.17,283.12 1 0
github.com/floatpane/matcha/config/encryption.go:285.3,285.54 1 0
github.com/floatpane/matcha/config/encryption.go:285.54,287.4 1 0
github.com/floatpane/matcha/config/encryption.go:291.2,294.16 2 0
github.com/floatpane/matcha/config/encryption.go:294.16,295.41 1 0
github.com/floatpane/matcha/config/encryption.go:295.41,297.4 1 0
github.com/floatpane/matcha/config/encryption.go:301.2,302.16 2 0
github.com/floatpane/matcha/config/encryption.go:302.16,304.3 1 0
github.com/floatpane/matcha/config/encryption.go:305.2,307.12 2 0
github.com/floatpane/matcha/config/encryption.go:311.50,313.16 2 1
github.com/floatpane/matcha/config/encryption.go:313.16,315.3 1 1
github.com/floatpane/matcha/config/encryption.go:316.2,317.16 2 1
github.com/floatpane/matcha/config/encryption.go:317.16,319.3 1 1
github.com/floatpane/matcha/config/encryption.go:320.2,320.27 1 0
github.com/floatpane/matcha/config/encryption.go:324.72,326.16 2 1
github.com/floatpane/matcha/config/encryption.go:326.16,328.3 1 1
github.com/floatpane/matcha/config/encryption.go:329.2,330.16 2 0
github.com/floatpane/matcha/config/encryption.go:330.16,332.3 1 0
github.com/floatpane/matcha/config/encryption.go:333.2,333.44 1 0
github.com/floatpane/matcha/config/encryption.go:337.34,339.16 2 0
github.com/floatpane/matcha/config/encryption.go:339.16,341.3 1 0
github.com/floatpane/matcha/config/encryption.go:344.2,346.26 2 0
github.com/floatpane/matcha/config/encryption.go:346.26,347.19 1 0
github.com/floatpane/matcha/config/encryption.go:347.19,348.12 1 0
github.com/floatpane/matcha/config/encryption.go:350.3,351.17 2 0
github.com/floatpane/matcha/config/encryption.go:351.17,352.12 1 0
github.com/floatpane/matcha/config/encryption.go:355.3,355.61 1 0
github.com/floatpane/matcha/config/encryption.go:355.61,357.4 1 0
github.com/floatpane/matcha/config/encryption.go:359.2,359.12 1 0
github.com/floatpane/matcha/config/encryption.go:363.43,368.16 3 0
github.com/floatpane/matcha/config/encryption.go:368.16,370.3 1 0
github.com/floatpane/matcha/config/encryption.go:371.2,375.16 3 0
github.com/floatpane/matcha/config/encryption.go:375.16,377.3 1 0
github.com/floatpane/matcha/config/encryption.go:378.2,379.31 2 0
github.com/floatpane/matcha/config/encryption.go:379.31,381.3 1 0
github.com/floatpane/matcha/config/encryption.go:384.2,385.55 2 0
github.com/floatpane/matcha/config/encryption.go:385.55,386.33 1 0
github.com/floatpane/matcha/config/encryption.go:386.33,387.22 1 0
github.com/floatpane/matcha/config/encryption.go:387.22,389.5 1 0
github.com/floatpane/matcha/config/encryption.go:394.2,395.53 2 0
github.com/floatpane/matcha/config/encryption.go:395.53,396.33 1 0
github.com/floatpane/matcha/config/encryption.go:396.33,397.22 1 0
github.com/floatpane/matcha/config/encryption.go:397.22,399.5 1 0
github.com/floatpane/matcha/config/encryption.go:404.2,405.52 2 0
github.com/floatpane/matcha/config/encryption.go:405.52,406.33 1 0
github.com/floatpane/matcha/config/encryption.go:406.33,407.22 1 0
github.com/floatpane/matcha/config/encryption.go:407.22,409.5 1 0
github.com/floatpane/matcha/config/encryption.go:413.2,413.19 1 0
github.com/floatpane/matcha/config/folder_cache.go:25.40,27.16 2 0
github.com/floatpane/matcha/config/folder_cache.go:27.16,29.3 1 0
github.com/floatpane/matcha/config/folder_cache.go:30.2,30.53 1 0
github.com/floatpane/matcha/config/folder_cache.go:34.48,36.16 2 0
github.com/floatpane/matcha/config/folder_cache.go:36.16,38.3 1 0
github.com/floatpane/matcha/config/folder_cache.go:39.2,39.62 1 0
github.com/floatpane/matcha/config/folder_cache.go:39.62,41.3 1 0
github.com/floatpane/matcha/config/folder_cache.go:42.2,44.16 3 0
github.com/floatpane/matcha/config/folder_cache.go:44.16,46.3 1 0
github.com/floatpane/matcha/config/folder_cache.go:47.2,47.42 1 0
github.com/floatpane/matcha/config/folder_cache.go:51.46,53.16 2 0
github.com/floatpane/matcha/config/folder_cache.go:53.16,55.3 1 0
github.com/floatpane/matcha/config/folder_cache.go:56.2,57.16 2 0
github.com/floatpane/matcha/config/folder_cache.go:57.16,59.3 1 0
github.com/floatpane/matcha/config/folder_cache.go:60.2,61.53 2 0
github.com/floatpane/matcha/config/folder_cache.go:61.53,63.3 1 0
github.com/floatpane/matcha/config/folder_cache.go:64.2,64.20 1 0
github.com/floatpane/matcha/config/folder_cache.go:68.50,70.16 2 0
github.com/floatpane/matcha/config/folder_cache.go:70.16,72.3 1 0
github.com/floatpane/matcha/config/folder_cache.go:73.2,73.37 1 0
github.com/floatpane/matcha/config/folder_cache.go:73.37,74.33 1 0
github.com/floatpane/matcha/config/folder_cache.go:74.33,76.4 1 0
github.com/floatpane/matcha/config/folder_cache.go:78.2,78.12 1 0
github.com/floatpane/matcha/config/folder_cache.go:82.67,84.16 2 0
github.com/floatpane/matcha/config/folder_cache.go:84.16,86.3 1 0
github.com/floatpane/matcha/config/folder_cache.go:88.2,89.37 2 0
github.com/floatpane/matcha/config/folder_cache.go:89.37,90.33 1 0
github.com/floatpane/matcha/config/folder_cache.go:90.33,94.9 4 0
github.com/floatpane/matcha/config/folder_cache.go:98.2,98.12 1 0
github.com/floatpane/matcha/config/folder_cache.go:98.12,104.3 1 0
github.com/floatpane/matcha/config/folder_cache.go:106.2,106.31 1 0
github.com/floatpane/matcha/config/folder_cache.go:119.44,121.16 2 0
github.com/floatpane/matcha/config/folder_cache.go:121.16,123.3 1 0
github.com/floatpane/matcha/config/folder_cache.go:124.2,124.49 1 0
github.com/floatpane/matcha/config/folder_cache.go:129.62,131.16 2 0
github.com/floatpane/matcha/config/folder_cache.go:131.16,133.3 1 0
github.com/floatpane/matcha/config/folder_cache.go:135.2,136.46 2 0
github.com/floatpane/matcha/config/folder_cache.go:139.45,143.2 2 0
github.com/floatpane/matcha/config/folder_cache.go:146.74,148.16 2 0
github.com/floatpane/matcha/config/folder_cache.go:148.16,150.3 1 0
github.com/floatpane/matcha/config/folder_cache.go:151.2,151.62 1 0
github.com/floatpane/matcha/config/folder_cache.go:151.62,153.3 1 0
github.com/floatpane/matcha/config/folder_cache.go:154.2,160.16 3 0
github.com/floatpane/matcha/config/folder_cache.go:160.16,162.3 1 0
github.com/floatpane/matcha/config/folder_cache.go:163.2,163.42 1 0
github.com/floatpane/matcha/config/folder_cache.go:167.69,169.16 2 0
github.com/floatpane/matcha/config/folder_cache.go:169.16,171.3 1 0
github.com/floatpane/matcha/config/folder_cache.go:172.2,173.16 2 0
github.com/floatpane/matcha/config/folder_cache.go:173.16,175.3 1 0
github.com/floatpane/matcha/config/folder_cache.go:176.2,177.53 2 0
github.com/floatpane/matcha/config/folder_cache.go:177.53,179.3 1 0
github.com/floatpane/matcha/config/folder_cache.go:180.2,180.26 1 0
github.com/floatpane/matcha/config/oauth.go:16.35,18.2 1 0
github.com/floatpane/matcha/config/oauth.go:23.40,25.16 2 0
github.com/floatpane/matcha/config/oauth.go:25.16,27.3 1 0
github.com/floatpane/matcha/config/oauth.go:29.2,33.53 3 0
github.com/floatpane/matcha/config/oauth.go:33.53,35.3 1 0
github.com/floatpane/matcha/config/oauth.go:36.2,36.76 1 0
github.com/floatpane/matcha/config/oauth.go:36.76,38.3 1 0
github.com/floatpane/matcha/config/oauth.go:40.2,40.24 1 0
github.com/floatpane/matcha/config/oauth.go:46.51,48.16 2 0
github.com/floatpane/matcha/config/oauth.go:48.16,50.3 1 0
github.com/floatpane/matcha/config/oauth.go:52.2,55.16 4 0
github.com/floatpane/matcha/config/oauth.go:55.16,57.3 1 0
github.com/floatpane/matcha/config/oauth.go:59.2,60.17 2 0
github.com/floatpane/matcha/config/oauth.go:60.17,62.3 1 0
github.com/floatpane/matcha/config/oauth.go:64.2,64.19 1 0
github.com/floatpane/matcha/config/oauth.go:71.74,73.16 2 0
github.com/floatpane/matcha/config/oauth.go:73.16,75.3 1 0
github.com/floatpane/matcha/config/oauth.go:77.2,78.20 2 0
github.com/floatpane/matcha/config/oauth.go:78.20,80.3 1 0
github.com/floatpane/matcha/config/oauth.go:81.2,81.42 1 0
github.com/floatpane/matcha/config/oauth.go:81.42,83.3 1 0
github.com/floatpane/matcha/config/oauth.go:85.2,88.18 4 0
github.com/floatpane/matcha/config/signature.go:9.38,11.16 2 0
github.com/floatpane/matcha/config/signature.go:11.16,13.3 1 0
github.com/floatpane/matcha/config/signature.go:14.2,14.49 1 0
github.com/floatpane/matcha/config/signature.go:18.38,20.16 2 0
github.com/floatpane/matcha/config/signature.go:20.16,22.3 1 0
github.com/floatpane/matcha/config/signature.go:23.2,24.16 2 0
github.com/floatpane/matcha/config/signature.go:24.16,25.25 1 0
github.com/floatpane/matcha/config/signature.go:25.25,27.4 1 0
github.com/floatpane/matcha/config/signature.go:28.3,28.17 1 0
github.com/floatpane/matcha/config/signature.go:30.2,30.26 1 0
github.com/floatpane/matcha/config/signature.go:34.44,36.16 2 0
github.com/floatpane/matcha/config/signature.go:36.16,38.3 1 0
github.com/floatpane/matcha/config/signature.go:39.2,39.62 1 0
github.com/floatpane/matcha/config/signature.go:39.62,41.3 1 0
github.com/floatpane/matcha/config/signature.go:42.2,42.55 1 0
github.com/floatpane/matcha/config/signature.go:46.26,48.16 2 0
github.com/floatpane/matcha/config/signature.go:48.16,50.3 1 0
github.com/floatpane/matcha/config/signature.go:51.2,51.18 1 0
github.com/floatpane/matcha/daemonrpc/protocol.go:31.32,31.52 1 1
github.com/floatpane/matcha/daemonrpc/protocol.go:42.58,48.52 2 1
github.com/floatpane/matcha/daemonrpc/protocol.go:48.52,50.3 1 1
github.com/floatpane/matcha/daemonrpc/protocol.go:52.2,53.22 2 1
github.com/floatpane/matcha/daemonrpc/protocol.go:53.22,55.50 2 1
github.com/floatpane/matcha/daemonrpc/protocol.go:55.50,57.4 1 0
github.com/floatpane/matcha/daemonrpc/protocol.go:58.3,58.16 1 1
github.com/floatpane/matcha/daemonrpc/protocol.go:59.8,59.31 1 1
github.com/floatpane/matcha/daemonrpc/protocol.go:59.31,61.51 2 1
github.com/floatpane/matcha/daemonrpc/protocol.go:61.51,63.4 1 0
github.com/floatpane/matcha/daemonrpc/protocol.go:64.3,64.19 1 1
github.com/floatpane/matcha/daemonrpc/protocol.go:65.8,67.52 2 1
github.com/floatpane/matcha/daemonrpc/protocol.go:67.52,69.4 1 0
github.com/floatpane/matcha/daemonrpc/protocol.go:70.3,70.21 1 1
github.com/floatpane/matcha/daemonrpc/protocol.go:72.2,72.15 1 1
github.com/floatpane/matcha/daemonrpc/socket.go:13.26,14.22 1 0
github.com/floatpane/matcha/daemonrpc/socket.go:15.16,17.60 2 0
github.com/floatpane/matcha/daemonrpc/socket.go:18.10,19.53 1 0
github.com/floatpane/matcha/daemonrpc/socket.go:19.53,21.4 1 0
github.com/floatpane/matcha/daemonrpc/socket.go:23.3,23.57 1 0
github.com/floatpane/matcha/daemonrpc/socket.go:27.22,29.2 1 0
github.com/floatpane/matcha/daemonrpc/socket.go:32.26,34.2 1 0
github.com/floatpane/matcha/daemonrpc/socket.go:37.23,39.2 1 0
github.com/floatpane/matcha/daemonrpc/socket.go:42.31,44.2 1 0
github.com/floatpane/matcha/daemonrpc/transport.go:19.32,25.2 1 1
github.com/floatpane/matcha/daemonrpc/transport.go:29.42,33.2 3 1
github.com/floatpane/matcha/daemonrpc/transport.go:36.66,38.16 2 1
github.com/floatpane/matcha/daemonrpc/transport.go:38.16,40.3 1 0
github.com/floatpane/matcha/daemonrpc/transport.go:41.2,44.4 1 1
github.com/floatpane/matcha/daemonrpc/transport.go:48.69,53.2 1 1
github.com/floatpane/matcha/daemonrpc/transport.go:56.68,58.16 2 1
github.com/floatpane/matcha/daemonrpc/transport.go:58.16,60.3 1 0
github.com/floatpane/matcha/daemonrpc/transport.go:61.2,64.4 1 1
github.com/floatpane/matcha/daemonrpc/transport.go:69.50,71.43 2 1
github.com/floatpane/matcha/daemonrpc/transport.go:71.43,73.3 1 0
github.com/floatpane/matcha/daemonrpc/transport.go:74.2,74.27 1 1
github.com/floatpane/matcha/daemonrpc/transport.go:78.30,80.2 1 1
github.com/floatpane/matcha/daemonrpc/transport.go:83.38,85.2 1 0
github.com/floatpane/matcha/daemonrpc/transport.go:88.37,90.2 1 0
github.com/floatpane/matcha/fetcher/fetcher.go:41.37,42.26 1 0
github.com/floatpane/matcha/fetcher/fetcher.go:42.26,43.50 1 0
github.com/floatpane/matcha/fetcher/fetcher.go:43.50,45.18 2 0
github.com/floatpane/matcha/fetcher/fetcher.go:45.18,47.5 1 0
github.com/floatpane/matcha/fetcher/fetcher.go:50.2,50.26 1 0
github.com/floatpane/matcha/fetcher/fetcher.go:50.26,52.3 1 0
github.com/floatpane/matcha/fetcher/fetcher.go:53.2,53.12 1 0
github.com/floatpane/matcha/fetcher/fetcher.go:99.46,101.21 2 0
github.com/floatpane/matcha/fetcher/fetcher.go:101.21,103.3 1 0
github.com/floatpane/matcha/fetcher/fetcher.go:104.2,104.14 1 0
github.com/floatpane/matcha/fetcher/fetcher.go:107.42,109.2 1 0
github.com/floatpane/matcha/fetcher/fetcher.go:114.64,115.20 1 0
github.com/floatpane/matcha/fetcher/fetcher.go:115.20,117.3 1 0
github.com/floatpane/matcha/fetcher/fetcher.go:119.2,121.37 3 0
github.com/floatpane/matcha/fetcher/fetcher.go:121.37,123.3 1 0
github.com/floatpane/matcha/fetcher/fetcher.go:124.2,124.82 1 0
github.com/floatpane/matcha/fetcher/fetcher.go:124.82,125.43 1 0
github.com/floatpane/matcha/fetcher/fetcher.go:125.43,126.61 1 0
github.com/floatpane/matcha/fetcher/fetcher.go:126.61,128.5 1 0
github.com/floatpane/matcha/fetcher/fetcher.go:131.2,131.14 1 0
github.com/floatpane/matcha/fetcher/fetcher.go:134.75,136.16 2 0
github.com/floatpane/matcha/fetcher/fetcher.go:136.16,139.3 2 0
github.com/floatpane/matcha/fetcher/fetcher.go:141.2,142.29 2 0
github.com/floatpane/matcha/fetcher/fetcher.go:142.29,144.3 1 0
github.com/floatpane/matcha/fetcher/fetcher.go:146.2,147.35 2 0
github.com/floatpane/matcha/fetcher/fetcher.go:147.35,149.3 1 0
github.com/floatpane/matcha/fetcher/fetcher.go:151.2,153.16 3 0
github.com/floatpane/matcha/fetcher/fetcher.go:153.16,155.3 1 0
github.com/floatpane/matcha/fetcher/fetcher.go:157.2,157.48 1 0
github.com/floatpane/matcha/fetcher/fetcher.go:157.48,159.3 1 0
github.com/floatpane/matcha/fetcher/fetcher.go:161.2,161.33 1 0
github.com/floatpane/matcha/fetcher/fetcher.go:164.41,166.79 2 0
github.com/floatpane/matcha/fetcher/fetcher.go:166.79,168.17 2 0
github.com/floatpane/matcha/fetcher/fetcher.go:168.17,170.4 1 0
github.com/floatpane/matcha/fetcher/fetcher.go:171.3,171.64 1 0
github.com/floatpane/matcha/fetcher/fetcher.go:173.2,174.16 2 0
github.com/floatpane/matcha/fetcher/fetcher.go:174.16,176.3 1 0
github.com/floatpane/matcha/fetcher/fetcher.go:177.2,177.16 1 0
github.com/floatpane/matcha/fetcher/fetcher.go:180.77,181.35 1 0
github.com/floatpane/matcha/fetcher/fetcher.go:182.16,184.33 2 0
github.com/floatpane/matcha/fetcher/fetcher.go:185.26,186.78 1 0
github.com/floatpane/matcha/fetcher/fetcher.go:187.10,188.23 1 0
github.com/floatpane/matcha/fetcher/fetcher.go:194.39,195.38 1 0
github.com/floatpane/matcha/fetcher/fetcher.go:195.38,197.3 1 0
github.com/floatpane/matcha/fetcher/fetcher.go:198.2,199.47 2 0
github.com/floatpane/matcha/fetcher/fetcher.go:199.47,201.23 2 0
github.com/floatpane/matcha/fetcher/fetcher.go:201.23,202.28 1 0
github.com/floatpane/matcha/fetcher/fetcher.go:202.28,204.5 1 0
github.com/floatpane/matcha/fetcher/fetcher.go:206.3,206.27 1 0
github.com/floatpane/matcha/fetcher/fetcher.go:208.2,208.14 1 0
github.com/floatpane/matcha/fetcher/fetcher.go:212.40,213.20 1 0
github.com/floatpane/matcha/fetcher/fetcher.go:213.20,215.3 1 0
github.com/floatpane/matcha/fetcher/fetcher.go:216.2,217.25 2 0
github.com/floatpane/matcha/fetcher/fetcher.go:217.25,219.3 1 0
github.com/floatpane/matcha/fetcher/fetcher.go:220.2,220.33 1 0
github.com/floatpane/matcha/fetcher/fetcher.go:224.61,225.53 1 0
github.com/floatpane/matcha/fetcher/fetcher.go:225.53,226.54 1 0
github.com/floatpane/matcha/fetcher/fetcher.go:226.54,228.4 1 0
github.com/floatpane/matcha/fetcher/fetcher.go:230.2,230.11 1 0
github.com/floatpane/matcha/fetcher/fetcher.go:234.46,236.27 2 0
github.com/floatpane/matcha/fetcher/fetcher.go:236.27,238.3 1 0
github.com/floatpane/matcha/fetcher/fetcher.go:239.2,239.15 1 0
github.com/floatpane/matcha/fetcher/fetcher.go:242.121,246.2 1 0
github.com/floatpane/matcha/fetcher/fetcher.go:248.67,250.2 1 0
github.com/floatpane/matcha/fetcher/fetcher.go:252.109,256.22 3 0
github.com/floatpane/matcha/fetcher/fetcher.go:256.22,258.3 1 0
github.com/floatpane/matcha/fetcher/fetcher.go:260.2,268.22 3 0
github.com/floatpane/matcha/fetcher/fetcher.go:268.22,271.3 2 0
github.com/floatpane/matcha/fetcher/fetcher.go:272.2,272.41 1 0
github.com/floatpane/matcha/fetcher/fetcher.go:272.41,274.3 1 0
github.com/floatpane/matcha/fetcher/fetcher.go:276.2,280.41 3 0
github.com/floatpane/matcha/fetcher/fetcher.go:280.41,282.17 2 0
github.com/floatpane/matcha/fetcher/fetcher.go:282.17,284.4 1 0
github.com/floatpane/matcha/fetcher/fetcher.go:285.8,288.17 2 0
github.com/floatpane/matcha/fetcher/fetcher.go:288.17,290.4 1 0
github.com/floatpane/matcha/fetcher/fetcher.go:293.2,293.41 1 0
github.com/floatpane/matcha/fetcher/fetcher.go:293.41,296.3 2 0
github.com/floatpane/matcha/fetcher/fetcher.go:299.2,299.24 1 0
github.com/floatpane/matcha/fetcher/fetcher.go:299.24,301.17 2 0
github.com/floatpane/matcha/fetcher/fetcher.go:301.17,303.4 1 0
github.com/floatpane/matcha/fetcher/fetcher.go:304.3,304.80 1 0
github.com/floatpane/matcha/fetcher/fetcher.go:304.80,306.4 1 0
github.com/floatpane/matcha/fetcher/fetcher.go:307.8,308.73 1 0
github.com/floatpane/matcha/fetcher/fetcher.go:308.73,310.4 1 0
github.com/floatpane/matcha/fetcher/fetcher.go:313.2,313.15 1 0
github.com/floatpane/matcha/fetcher/fetcher.go:316.53,317.33 1 0
github.com/floatpane/matcha/fetcher/fetcher.go:318.15,319.29 1 0
github.com/floatpane/matcha/fetcher/fetcher.go:320.17,321.22 1 0
github.com/floatpane/matcha/fetcher/fetcher.go:322.16,323.25 1 0
github.com/floatpane/matcha/fetcher/fetcher.go:324.10,325.16 1 0
github.com/floatpane/matcha/fetcher/fetcher.go:330.84,335.6 4 0
github.com/floatpane/matcha/fetcher/fetcher.go:335.6,337.18 2 0
github.com/floatpane/matcha/fetcher/fetcher.go:337.18,338.9 1 0
github.com/floatpane/matcha/fetcher/fetcher.go:340.3,340.32 1 0
github.com/floatpane/matcha/fetcher/fetcher.go:340.32,341.17 1 0
github.com/floatpane/matcha/fetcher/fetcher.go:341.17,343.10 2 0
github.com/floatpane/matcha/fetcher/fetcher.go:348.2,348.40 1 0
github.com/floatpane/matcha/fetcher/fetcher.go:348.40,350.3 1 0
github.com/floatpane/matcha/fetcher/fetcher.go:352.2,352.24 1 0
github.com/floatpane/matcha/fetcher/fetcher.go:352.24,354.3 1 0
github.com/floatpane/matcha/fetcher/fetcher.go:356.2,356.26 1 0
github.com/floatpane/matcha/fetcher/fetcher.go:359.105,361.16 2 0
github.com/floatpane/matcha/fetcher/fetcher.go:361.16,363.3 1 0
github.com/floatpane/matcha/fetcher/fetcher.go:364.2,367.16 3 0
github.com/floatpane/matcha/fetcher/fetcher.go:367.16,369.3 1 0
github.com/floatpane/matcha/fetcher/fetcher.go:371.2,371.33 1 0
github.com/floatpane/matcha/fetcher/fetcher.go:371.33,373.3 1 0
github.com/floatpane/matcha/fetcher/fetcher.go:375.2,379.37 3 0
github.com/floatpane/matcha/fetcher/fetcher.go:379.37,381.3 1 0
github.com/floatpane/matcha/fetcher/fetcher.go:381.8,383.3 1 0
github.com/floatpane/matcha/fetcher/fetcher.go:386.2,387.22 2 0
github.com/floatpane/matcha/fetcher/fetcher.go:387.22,389.3 1 0
github.com/floatpane/matcha/fetcher/fetcher.go:390.2,400.48 3 0
github.com/floatpane/matcha/fetcher/fetcher.go:400.48,403.21 2 0
github.com/floatpane/matcha/fetcher/fetcher.go:403.21,405.4 1 0
github.com/floatpane/matcha/fetcher/fetcher.go:407.3,408.33 2 0
github.com/floatpane/matcha/fetcher/fetcher.go:408.33,410.4 1 0
github.com/floatpane/matcha/fetcher/fetcher.go:412.3,423.17 5 0
github.com/floatpane/matcha/fetcher/fetcher.go:423.17,425.4 1 0
github.com/floatpane/matcha/fetcher/fetcher.go:428.3,429.33 2 0
github.com/floatpane/matcha/fetcher/fetcher.go:429.33,430.27 1 0
github.com/floatpane/matcha/fetcher/fetcher.go:430.27,431.13 1 0
github.com/floatpane/matcha/fetcher/fetcher.go:434.4,435.34 2 0
github.com/floatpane/matcha/fetcher/fetcher.go:435.34,437.5 1 0
github.com/floatpane/matcha/fetcher/fetcher.go:439.4,440.41 2 0
github.com/floatpane/matcha/fetcher/fetcher.go:440.41,442.5 1 0
github.com/floatpane/matcha/fetcher/fetcher.go:443.4,443.41 1 0
github.com/floatpane/matcha/fetcher/fetcher.go:443.41,445.5 1 0
github.com/floatpane/matcha/fetcher/fetcher.go:447.4,448.46 2 0
github.com/floatpane/matcha/fetcher/fetcher.go:448.46,450.5 1 0
github.com/floatpane/matcha/fetcher/fetcher.go:452.4,453.21 2 0
github.com/floatpane/matcha/fetcher/fetcher.go:453.21,455.35 2 0
github.com/floatpane/matcha/fetcher/fetcher.go:455.35,457.6 1 0
github.com/floatpane/matcha/fetcher/fetcher.go:458.5,458.70 1 0
github.com/floatpane/matcha/fetcher/fetcher.go:458.70,460.6 1 0
github.com/floatpane/matcha/fetcher/fetcher.go:461.10,462.34 1 0
github.com/floatpane/matcha/fetcher/fetcher.go:462.34,463.61 1 0
github.com/floatpane/matcha/fetcher/fetcher.go:463.61,465.12 2 0
github.com/floatpane/matcha/fetcher/fetcher.go:469.5,469.17 1 0
github.com/floatpane/matcha/fetcher/fetcher.go:469.17,472.6 2 0
github.com/floatpane/matcha/fetcher/fetcher.go:475.4,475.16 1 0
github.com/floatpane/matcha/fetcher/fetcher.go:475.16,476.13 1 0
github.com/floatpane/matcha/fetcher/fetcher.go:479.4,488.6 1 0
github.com/floatpane/matcha/fetcher/fetcher.go:492.3,492.41 1 0
github.com/floatpane/matcha/fetcher/fetcher.go:492.41,493.46 1 0
github.com/floatpane/matcha/fetcher/fetcher.go:493.46,494.48 1 0
github.com/floatpane/matcha/fetcher/fetcher.go:494.48,496.6 1 0
github.com/floatpane/matcha/fetcher/fetcher.go:500.3,501.20 2 0
github.com/floatpane/matcha/fetcher/fetcher.go:505.2,505.33 1 0
github.com/floatpane/matcha/fetcher/fetcher.go:505.33,507.3 1 0
github.com/floatpane/matcha/fetcher/fetcher.go:509.2,509.23 1 0
github.com/floatpane/matcha/fetcher/fetcher.go:512.115,514.16 2 0
github.com/floatpane/matcha/fetcher/fetcher.go:514.16,516.3 1 0
github.com/floatpane/matcha/fetcher/fetcher.go:517.2,519.57 2 0
github.com/floatpane/matcha/fetcher/fetcher.go:519.57,521.3 1 0
github.com/floatpane/matcha/fetcher/fetcher.go:523.2,525.46 2 0
github.com/floatpane/matcha/fetcher/fetcher.go:525.46,531.17 4 0
github.com/floatpane/matcha/fetcher/fetcher.go:531.17,533.4 1 0
github.com/floatpane/matcha/fetcher/fetcher.go:534.3,534.20 1 0
github.com/floatpane/matcha/fetcher/fetcher.go:534.20,535.66 1 0
github.com/floatpane/matcha/fetcher/fetcher.go:535.66,537.5 1 0
github.com/floatpane/matcha/fetcher/fetcher.go:539.3,539.58 1 0
github.com/floatpane/matcha/fetcher/fetcher.go:542.2,542.67 1 0
github.com/floatpane/matcha/fetcher/fetcher.go:542.67,553.17 5 0
github.com/floatpane/matcha/fetcher/fetcher.go:553.17,555.4 1 0
github.com/floatpane/matcha/fetcher/fetcher.go:557.3,557.21 1 0
github.com/floatpane/matcha/fetcher/fetcher.go:557.21,559.4 1 0
github.com/floatpane/matcha/fetcher/fetcher.go:561.3,562.22 2 0
github.com/floatpane/matcha/fetcher/fetcher.go:562.22,564.4 1 0
github.com/floatpane/matcha/fetcher/fetcher.go:566.3,566.50 1 0
github.com/floatpane/matcha/fetcher/fetcher.go:569.2,573.16 3 0
github.com/floatpane/matcha/fetcher/fetcher.go:573.16,575.3 1 0
github.com/floatpane/matcha/fetcher/fetcher.go:577.2,577.56 1 0
github.com/floatpane/matcha/fetcher/fetcher.go:577.56,579.3 1 0
github.com/floatpane/matcha/fetcher/fetcher.go:581.2,589.70 7 0
github.com/floatpane/matcha/fetcher/fetcher.go:589.70,591.43 1 0
github.com/floatpane/matcha/fetcher/fetcher.go:591.43,593.15 2 0
github.com/floatpane/matcha/fetcher/fetcher.go:594.16,595.25 1 0
github.com/floatpane/matcha/fetcher/fetcher.go:595.25,598.6 2 0
github.com/floatpane/matcha/fetcher/fetcher.go:599.17,600.26 1 0
github.com/floatpane/matcha/fetcher/fetcher.go:600.26,603.6 2 0
github.com/floatpane/matcha/fetcher/fetcher.go:608.3,610.21 2 0
github.com/floatpane/matcha/fetcher/fetcher.go:610.21,611.53 1 0
github.com/floatpane/matcha/fetcher/fetcher.go:611.53,613.5 1 0
github.com/floatpane/matcha/fetcher/fetcher.go:616.3,616.21 1 0
github.com/floatpane/matcha/fetcher/fetcher.go:616.21,617.57 1 0
github.com/floatpane/matcha/fetcher/fetcher.go:617.57,619.5 1 0
github.com/floatpane/matcha/fetcher/fetcher.go:624.3,628.32 5 0
github.com/floatpane/matcha/fetcher/fetcher.go:628.32,631.4 2 0
github.com/floatpane/matcha/fetcher/fetcher.go:632.3,636.74 4 0
github.com/floatpane/matcha/fetcher/fetcher.go:636.74,638.4 1 0
github.com/floatpane/matcha/fetcher/fetcher.go:641.3,641.70 1 0
github.com/floatpane/matcha/fetcher/fetcher.go:641.70,643.35 2 0
github.com/floatpane/matcha/fetcher/fetcher.go:643.35,646.5 1 0
github.com/floatpane/matcha/fetcher/fetcher.go:648.4,648.18 1 0
github.com/floatpane/matcha/fetcher/fetcher.go:648.18,651.5 2 0
github.com/floatpane/matcha/fetcher/fetcher.go:651.10,653.24 2 0
github.com/floatpane/matcha/fetcher/fetcher.go:653.24,658.94 3 0
github.com/floatpane/matcha/fetcher/fetcher.go:658.94,660.7 1 0
github.com/floatpane/matcha/fetcher/fetcher.go:663.5,663.24 1 0
github.com/floatpane/matcha/fetcher/fetcher.go:663.24,666.6 2 0
github.com/floatpane/matcha/fetcher/fetcher.go:666.11,672.59 4 0
github.com/floatpane/matcha/fetcher/fetcher.go:672.59,675.37 3 0
github.com/floatpane/matcha/fetcher/fetcher.go:675.37,677.8 1 0
github.com/floatpane/matcha/fetcher/fetcher.go:677.13,680.42 3 0
github.com/floatpane/matcha/fetcher/fetcher.go:680.42,682.9 1 0
github.com/floatpane/matcha/fetcher/fetcher.go:682.14,686.76 4 0
github.com/floatpane/matcha/fetcher/fetcher.go:686.76,688.10 1 0
github.com/floatpane/matcha/fetcher/fetcher.go:688.15,688.83 1 0
github.com/floatpane/matcha/fetcher/fetcher.go:688.83,690.10 1 0
github.com/floatpane/matcha/fetcher/fetcher.go:690.15,690.80 1 0
github.com/floatpane/matcha/fetcher/fetcher.go:690.80,692.10 1 0
github.com/floatpane/matcha/fetcher/fetcher.go:692.15,694.10 1 0
github.com/floatpane/matcha/fetcher/fetcher.go:696.9,696.39 1 0
github.com/floatpane/matcha/fetcher/fetcher.go:696.39,698.10 1 0
github.com/floatpane/matcha/fetcher/fetcher.go:698.15,700.24 2 0
github.com/floatpane/matcha/fetcher/fetcher.go:700.24,703.11 2 0
github.com/floatpane/matcha/fetcher/fetcher.go:703.16,705.11 1 0
github.com/floatpane/matcha/fetcher/fetcher.go:709.12,713.7 1 0
github.com/floatpane/matcha/fetcher/fetcher.go:716.6,716.45 1 0
github.com/floatpane/matcha/fetcher/fetcher.go:716.45,721.23 5 0
github.com/floatpane/matcha/fetcher/fetcher.go:721.23,723.8 1 0
github.com/floatpane/matcha/fetcher/fetcher.go:724.7,724.55 1 0
github.com/floatpane/matcha/fetcher/fetcher.go:724.55,726.8 1 0
github.com/floatpane/matcha/fetcher/fetcher.go:730.6,730.29 1 0
github.com/floatpane/matcha/fetcher/fetcher.go:730.29,732.21 2 0
github.com/floatpane/matcha/fetcher/fetcher.go:732.21,733.12 1 0
github.com/floatpane/matcha/fetcher/fetcher.go:733.12,735.23 2 0
github.com/floatpane/matcha/fetcher/fetcher.go:735.23,736.15 1 0
github.com/floatpane/matcha/fetcher/fetcher.go:738.9,742.147 4 0
github.com/floatpane/matcha/fetcher/fetcher.go:742.147,744.22 2 0
github.com/floatpane/matcha/fetcher/fetcher.go:744.22,747.11 2 0
github.com/floatpane/matcha/fetcher/fetcher.go:748.10,750.12 1 0
github.com/floatpane/matcha/fetcher/fetcher.go:751.15,752.34 1 0
github.com/floatpane/matcha/fetcher/fetcher.go:752.34,755.11 2 0
github.com/floatpane/matcha/fetcher/fetcher.go:755.16,755.65 1 0
github.com/floatpane/matcha/fetcher/fetcher.go:755.65,758.11 2 0
github.com/floatpane/matcha/fetcher/fetcher.go:761.13,764.8 2 0
github.com/floatpane/matcha/fetcher/fetcher.go:766.7,772.13 2 0
github.com/floatpane/matcha/fetcher/fetcher.go:773.12,776.7 2 0
github.com/floatpane/matcha/fetcher/fetcher.go:782.3,782.75 1 0
github.com/floatpane/matcha/fetcher/fetcher.go:782.75,792.71 2 0
github.com/floatpane/matcha/fetcher/fetcher.go:792.71,795.19 3 0
github.com/floatpane/matcha/fetcher/fetcher.go:795.19,797.24 2 0
github.com/floatpane/matcha/fetcher/fetcher.go:797.24,799.21 2 0
github.com/floatpane/matcha/fetcher/fetcher.go:799.21,802.26 3 0
github.com/floatpane/matcha/fetcher/fetcher.go:802.26,804.67 2 0
github.com/floatpane/matcha/fetcher/fetcher.go:804.67,806.10 1 0
github.com/floatpane/matcha/fetcher/fetcher.go:807.9,807.67 1 0
github.com/floatpane/matcha/fetcher/fetcher.go:807.67,809.10 1 0
github.com/floatpane/matcha/fetcher/fetcher.go:810.9,811.28 2 0
github.com/floatpane/matcha/fetcher/fetcher.go:811.28,813.54 2 0
github.com/floatpane/matcha/fetcher/fetcher.go:813.54,815.11 1 0
github.com/floatpane/matcha/fetcher/fetcher.go:816.10,816.54 1 0
github.com/floatpane/matcha/fetcher/fetcher.go:816.54,818.11 1 0
github.com/floatpane/matcha/fetcher/fetcher.go:819.10,824.26 5 0
github.com/floatpane/matcha/fetcher/fetcher.go:824.26,826.11 1 0
github.com/floatpane/matcha/fetcher/fetcher.go:828.10,829.58 2 0
github.com/floatpane/matcha/fetcher/fetcher.go:829.58,831.11 1 0
github.com/floatpane/matcha/fetcher/fetcher.go:831.16,833.59 2 0
github.com/floatpane/matcha/fetcher/fetcher.go:833.59,835.12 1 0
github.com/floatpane/matcha/fetcher/fetcher.go:835.17,837.60 2 0
github.com/floatpane/matcha/fetcher/fetcher.go:837.60,839.13 1 0
github.com/floatpane/matcha/fetcher/fetcher.go:848.4,848.42 1 0
github.com/floatpane/matcha/fetcher/fetcher.go:852.3,852.126 1 0
github.com/floatpane/matcha/fetcher/fetcher.go:852.127,858.4 0 0
github.com/floatpane/matcha/fetcher/fetcher.go:861.3,861.112 1 0
github.com/floatpane/matcha/fetcher/fetcher.go:861.112,864.81 2 0
github.com/floatpane/matcha/fetcher/fetcher.go:864.81,866.36 1 0
github.com/floatpane/matcha/fetcher/fetcher.go:866.36,868.20 2 0
github.com/floatpane/matcha/fetcher/fetcher.go:868.20,871.21 2 0
github.com/floatpane/matcha/fetcher/fetcher.go:871.21,872.12 1 0
github.com/floatpane/matcha/fetcher/fetcher.go:872.12,874.26 2 0
github.com/floatpane/matcha/fetcher/fetcher.go:874.26,875.15 1 0
github.com/floatpane/matcha/fetcher/fetcher.go:877.9,877.23 1 0
github.com/floatpane/matcha/fetcher/fetcher.go:877.23,878.15 1 0
github.com/floatpane/matcha/fetcher/fetcher.go:881.9,881.37 1 0
github.com/floatpane/matcha/fetcher/fetcher.go:882.33,884.48 2 0
github.com/floatpane/matcha/fetcher/fetcher.go:884.48,888.11 3 0
github.com/floatpane/matcha/fetcher/fetcher.go:888.16,888.79 1 0
github.com/floatpane/matcha/fetcher/fetcher.go:888.79,892.11 3 0
github.com/floatpane/matcha/fetcher/fetcher.go:897.8,901.10 1 0
github.com/floatpane/matcha/fetcher/fetcher.go:903.12,906.7 2 0
github.com/floatpane/matcha/fetcher/fetcher.go:907.11,910.6 2 0
github.com/floatpane/matcha/fetcher/fetcher.go:915.3,915.77 1 0
github.com/floatpane/matcha/fetcher/fetcher.go:915.77,926.71 2 0
github.com/floatpane/matcha/fetcher/fetcher.go:926.71,931.23 3 0
github.com/floatpane/matcha/fetcher/fetcher.go:931.23,933.20 2 0
github.com/floatpane/matcha/fetcher/fetcher.go:933.20,937.25 3 0
github.com/floatpane/matcha/fetcher/fetcher.go:937.25,939.66 2 0
github.com/floatpane/matcha/fetcher/fetcher.go:939.66,941.9 1 0
github.com/floatpane/matcha/fetcher/fetcher.go:942.8,942.66 1 0
github.com/floatpane/matcha/fetcher/fetcher.go:942.66,944.9 1 0
github.com/floatpane/matcha/fetcher/fetcher.go:945.8,946.27 2 0
github.com/floatpane/matcha/fetcher/fetcher.go:946.27,948.53 2 0
github.com/floatpane/matcha/fetcher/fetcher.go:948.53,950.10 1 0
github.com/floatpane/matcha/fetcher/fetcher.go:951.9,951.53 1 0
github.com/floatpane/matcha/fetcher/fetcher.go:951.53,953.10 1 0
github.com/floatpane/matcha/fetcher/fetcher.go:954.9,958.35 3 0
github.com/floatpane/matcha/fetcher/fetcher.go:964.4,964.42 1 0
github.com/floatpane/matcha/fetcher/fetcher.go:965.9,965.97 1 0
github.com/floatpane/matcha/fetcher/fetcher.go:965.97,976.71 2 0
github.com/floatpane/matcha/fetcher/fetcher.go:976.71,979.5 1 0
github.com/floatpane/matcha/fetcher/fetcher.go:980.4,980.42 1 0
github.com/floatpane/matcha/fetcher/fetcher.go:981.9,981.140 1 0
github.com/floatpane/matcha/fetcher/fetcher.go:981.140,990.63 2 0
github.com/floatpane/matcha/fetcher/fetcher.go:990.63,991.72 1 0
github.com/floatpane/matcha/fetcher/fetcher.go:991.72,993.6 1 0
github.com/floatpane/matcha/fetcher/fetcher.go:995.4,995.42 1 0
github.com/floatpane/matcha/fetcher/fetcher.go:1000.2,1000.72 1 0
github.com/floatpane/matcha/fetcher/fetcher.go:1000.72,1001.57 1 0
github.com/floatpane/matcha/fetcher/fetcher.go:1001.57,1004.4 2 0
github.com/floatpane/matcha/fetcher/fetcher.go:1005.3,1005.14 1 0
github.com/floatpane/matcha/fetcher/fetcher.go:1009.2,1009.25 1 0
github.com/floatpane/matcha/fetcher/fetcher.go:1009.25,1011.3 1 0
github.com/floatpane/matcha/fetcher/fetcher.go:1013.2,1016.22 4 0
github.com/floatpane/matcha/fetcher/fetcher.go:1016.22,1019.3 2 0
github.com/floatpane/matcha/fetcher/fetcher.go:1019.8,1019.30 1 0
github.com/floatpane/matcha/fetcher/fetcher.go:1019.30,1022.3 2 0
github.com/floatpane/matcha/fetcher/fetcher.go:1023.2,1023.43 1 0
github.com/floatpane/matcha/fetcher/fetcher.go:1023.43,1026.55 3 0
github.com/floatpane/matcha/fetcher/fetcher.go:1026.55,1027.90 1 0
github.com/floatpane/matcha/fetcher/fetcher.go:1027.90,1030.5 2 0
github.com/floatpane/matcha/fetcher/fetcher.go:1033.2,1033.22 1 0
github.com/floatpane/matcha/fetcher/fetcher.go:1033.22,1044.17 5 0
github.com/floatpane/matcha/fetcher/fetcher.go:1044.17,1046.4 1 0
github.com/floatpane/matcha/fetcher/fetcher.go:1048.3,1048.20 1 0
github.com/floatpane/matcha/fetcher/fetcher.go:1048.20,1049.59 1 0
github.com/floatpane/matcha/fetcher/fetcher.go:1049.59,1051.80 1 0
github.com/floatpane/matcha/fetcher/fetcher.go:1051.80,1053.6 1 0
github.com/floatpane/matcha/fetcher/fetcher.go:1053.11,1055.6 1 0
github.com/floatpane/matcha/fetcher/fetcher.go:1060.2,1060.31 1 0
github.com/floatpane/matcha/fetcher/fetcher.go:1063.134,1065.16 2 0
github.com/floatpane/matcha/fetcher/fetcher.go:1065.16,1067.3 1 0
github.com/floatpane/matcha/fetcher/fetcher.go:1068.2,1070.57 2 0
github.com/floatpane/matcha/fetcher/fetcher.go:1070.57,1072.3 1 0
github.com/floatpane/matcha/fetcher/fetcher.go:1074.2,1085.16 6 0
github.com/floatpane/matcha/fetcher/fetcher.go:1085.16,1087.3 1 0
github.com/floatpane/matcha/fetcher/fetcher.go:1089.2,1089.20 1 0
github.com/floatpane/matcha/fetcher/fetcher.go:1089.20,1091.3 1 0
github.com/floatpane/matcha/fetcher/fetcher.go:1093.2,1094.21 2 0
github.com/floatpane/matcha/fetcher/fetcher.go:1094.21,1096.3 1 0
github.com/floatpane/matcha/fetcher/fetcher.go:1098.2,1099.16 2 0
github.com/floatpane/matcha/fetcher/fetcher.go:1099.16,1101.3 1 0
github.com/floatpane/matcha/fetcher/fetcher.go:1102.2,1102.21 1 0
github.com/floatpane/matcha/fetcher/fetcher.go:1105.94,1107.16 2 0
github.com/floatpane/matcha/fetcher/fetcher.go:1107.16,1109.3 1 0
github.com/floatpane/matcha/fetcher/fetcher.go:1110.2,1112.63 2 0
github.com/floatpane/matcha/fetcher/fetcher.go:1112.63,1114.3 1 0
github.com/floatpane/matcha/fetcher/fetcher.go:1116.2,1118.12 3 0
github.com/floatpane/matcha/fetcher/fetcher.go:1121.90,1123.16 2 0
github.com/floatpane/matcha/fetcher/fetcher.go:1123.16,1125.3 1 0
github.com/floatpane/matcha/fetcher/fetcher.go:1126.2,1128.57 2 0
github.com/floatpane/matcha/fetcher/fetcher.go:1128.57,1130.3 1 0
github.com/floatpane/matcha/fetcher/fetcher.go:1132.2,1137.17 2 0
github.com/floatpane/matcha/fetcher/fetcher.go:1140.88,1142.16 2 0
github.com/floatpane/matcha/fetcher/fetcher.go:1142.16,1144.3 1 0
github.com/floatpane/matcha/fetcher/fetcher.go:1145.2,1147.57 2 0
github.com/floatpane/matcha/fetcher/fetcher.go:1147.57,1149.3 1 0
github.com/floatpane/matcha/fetcher/fetcher.go:1151.2,1156.30 2 0
github.com/floatpane/matcha/fetcher/fetcher.go:1156.30,1158.3 1 0
github.com/floatpane/matcha/fetcher/fetcher.go:1160.2,1160.28 1 0
github.com/floatpane/matcha/fetcher/fetcher.go:1163.89,1165.16 2 0
github.com/floatpane/matcha/fetcher/fetcher.go:1165.16,1167.3 1 0
github.com/floatpane/matcha/fetcher/fetcher.go:1168.2,1171.33 3 0
github.com/floatpane/matcha/fetcher/fetcher.go:1172.15,1175.17 2 0
github.com/floatpane/matcha/fetcher/fetcher.go:1175.17,1178.4 1 0
github.com/floatpane/matcha/fetcher/fetcher.go:1179.10,1180.29 1 0
github.com/floatpane/matcha/fetcher/fetcher.go:1183.2,1183.57 1 0
github.com/floatpane/matcha/fetcher/fetcher.go:1183.57,1185.3 1 0
github.com/floatpane/matcha/fetcher/fetcher.go:1187.2,1189.12 3 0
github.com/floatpane/matcha/fetcher/fetcher.go:1195.92,1196.20 1 0
github.com/floatpane/matcha/fetcher/fetcher.go:1196.20,1198.3 1 0
github.com/floatpane/matcha/fetcher/fetcher.go:1200.2,1201.16 2 0
github.com/floatpane/matcha/fetcher/fetcher.go:1201.16,1203.3 1 0
github.com/floatpane/matcha/fetcher/fetcher.go:1204.2,1206.57 2 0
github.com/floatpane/matcha/fetcher/fetcher.go:1206.57,1208.3 1 0
github.com/floatpane/matcha/fetcher/fetcher.go:1210.2,1215.30 2 0
github.com/floatpane/matcha/fetcher/fetcher.go:1215.30,1217.3 1 0
github.com/floatpane/matcha/fetcher/fetcher.go:1219.2,1219.28 1 0
github.com/floatpane/matcha/fetcher/fetcher.go:1223.93,1224.20 1 0
github.com/floatpane/matcha/fetcher/fetcher.go:1224.20,1226.3 1 0
github.com/floatpane/matcha/fetcher/fetcher.go:1228.2,1229.16 2 0
github.com/floatpane/matcha/fetcher/fetcher.go:1229.16,1231.3 1 0
github.com/floatpane/matcha/fetcher/fetcher.go:1232.2,1235.33 3 0
github.com/floatpane/matcha/fetcher/fetcher.go:1236.15,1238.17 2 0
github.com/floatpane/matcha/fetcher/fetcher.go:1238.17,1240.4 1 0
github.com/floatpane/matcha/fetcher/fetcher.go:1241.10,1242.29 1 0
github.com/floatpane/matcha/fetcher/fetcher.go:1245.2,1245.57 1 0
github.com/floatpane/matcha/fetcher/fetcher.go:1245.57,1247.3 1 0
github.com/floatpane/matcha/fetcher/fetcher.go:1249.2,1251.12 3 0
github.com/floatpane/matcha/fetcher/fetcher.go:1255.104,1256.20 1 0
github.com/floatpane/matcha/fetcher/fetcher.go:1256.20,1258.3 1 0
github.com/floatpane/matcha/fetcher/fetcher.go:1260.2,1261.16 2 0
github.com/floatpane/matcha/fetcher/fetcher.go:1261.16,1263.3 1 0
github.com/floatpane/matcha/fetcher/fetcher.go:1264.2,1266.62 2 0
github.com/floatpane/matcha/fetcher/fetcher.go:1266.62,1268.3 1 0
github.com/floatpane/matcha/fetcher/fetcher.go:1270.2,1272.12 3 0
github.com/floatpane/matcha/fetcher/fetcher.go:1277.82,1279.2 1 0
github.com/floatpane/matcha/fetcher/fetcher.go:1281.86,1283.2 1 0
github.com/floatpane/matcha/fetcher/fetcher.go:1285.88,1287.2 1 0
github.com/floatpane/matcha/fetcher/fetcher.go:1289.92,1291.2 1 0
github.com/floatpane/matcha/fetcher/fetcher.go:1293.107,1295.2 1 0
github.com/floatpane/matcha/fetcher/fetcher.go:1297.111,1299.2 1 0
github.com/floatpane/matcha/fetcher/fetcher.go:1301.61,1303.2 1 0
github.com/floatpane/matcha/fetcher/fetcher.go:1305.65,1307.2 1 0
github.com/floatpane/matcha/fetcher/fetcher.go:1309.62,1311.2 1 0
github.com/floatpane/matcha/fetcher/fetcher.go:1313.66,1315.2 1 0
github.com/floatpane/matcha/fetcher/fetcher.go:1318.72,1320.16 2 0
github.com/floatpane/matcha/fetcher/fetcher.go:1320.16,1322.3 1 0
github.com/floatpane/matcha/fetcher/fetcher.go:1323.2,1330.51 4 0
github.com/floatpane/matcha/fetcher/fetcher.go:1330.51,1332.3 1 0
github.com/floatpane/matcha/fetcher/fetcher.go:1333.2,1333.42 1 0
github.com/floatpane/matcha/fetcher/fetcher.go:1333.42,1335.3 1 0
github.com/floatpane/matcha/fetcher/fetcher.go:1336.2,1337.12 2 0
github.com/floatpane/matcha/fetcher/fetcher.go:1341.54,1342.33 1 0
github.com/floatpane/matcha/fetcher/fetcher.go:1343.15,1344.25 1 0
github.com/floatpane/matcha/fetcher/fetcher.go:1345.17,1346.25 1 0
github.com/floatpane/matcha/fetcher/fetcher.go:1347.16,1348.28 1 0
github.com/floatpane/matcha/fetcher/fetcher.go:1349.10,1350.17 1 0
github.com/floatpane/matcha/fetcher/fetcher.go:1355.56,1356.33 1 0
github.com/floatpane/matcha/fetcher/fetcher.go:1357.15,1358.28 1 0
github.com/floatpane/matcha/fetcher/fetcher.go:1359.27,1360.19 1 0
github.com/floatpane/matcha/fetcher/fetcher.go:1361.10,1362.19 1 0
github.com/floatpane/matcha/fetcher/fetcher.go:1367.87,1369.16 2 0
github.com/floatpane/matcha/fetcher/fetcher.go:1369.16,1371.3 1 0
github.com/floatpane/matcha/fetcher/fetcher.go:1372.2,1376.16 3 0
github.com/floatpane/matcha/fetcher/fetcher.go:1376.16,1379.3 1 0
github.com/floatpane/matcha/fetcher/fetcher.go:1381.2,1381.65 1 0
github.com/floatpane/matcha/fetcher/fetcher.go:1386.89,1388.16 2 0
github.com/floatpane/matcha/fetcher/fetcher.go:1388.16,1390.3 1 0
github.com/floatpane/matcha/fetcher/fetcher.go:1391.2,1395.16 3 0
github.com/floatpane/matcha/fetcher/fetcher.go:1395.16,1398.3 1 0
github.com/floatpane/matcha/fetcher/fetcher.go:1400.2,1401.16 2 0
github.com/floatpane/matcha/fetcher/fetcher.go:1401.16,1403.3 1 0
github.com/floatpane/matcha/fetcher/fetcher.go:1405.2,1405.33 1 0
github.com/floatpane/matcha/fetcher/fetcher.go:1405.33,1407.3 1 0
github.com/floatpane/matcha/fetcher/fetcher.go:1409.2,1411.16 3 0
github.com/floatpane/matcha/fetcher/fetcher.go:1411.16,1413.3 1 0
github.com/floatpane/matcha/fetcher/fetcher.go:1415.2,1415.12 1 0
github.com/floatpane/matcha/fetcher/fetcher.go:1415.12,1417.3 1 0
github.com/floatpane/matcha/fetcher/fetcher.go:1419.2,1436.16 6 0
github.com/floatpane/matcha/fetcher/fetcher.go:1436.16,1438.3 1 0
github.com/floatpane/matcha/fetcher/fetcher.go:1441.2,1442.22 2 0
github.com/floatpane/matcha/fetcher/fetcher.go:1442.22,1444.3 1 0
github.com/floatpane/matcha/fetcher/fetcher.go:1446.2,1447.27 2 0
github.com/floatpane/matcha/fetcher/fetcher.go:1447.27,1448.26 1 0
github.com/floatpane/matcha/fetcher/fetcher.go:1448.26,1449.12 1 0
github.com/floatpane/matcha/fetcher/fetcher.go:1452.3,1453.33 2 0
github.com/floatpane/matcha/fetcher/fetcher.go:1453.33,1455.4 1 0
github.com/floatpane/matcha/fetcher/fetcher.go:1457.3,1458.40 2 0
github.com/floatpane/matcha/fetcher/fetcher.go:1458.40,1460.4 1 0
github.com/floatpane/matcha/fetcher/fetcher.go:1461.3,1461.40 1 0
github.com/floatpane/matcha/fetcher/fetcher.go:1461.40,1463.4 1 0
github.com/floatpane/matcha/fetcher/fetcher.go:1466.3,1468.65 2 0
github.com/floatpane/matcha/fetcher/fetcher.go:1468.65,1470.4 1 0
github.com/floatpane/matcha/fetcher/fetcher.go:1472.3,1472.15 1 0
github.com/floatpane/matcha/fetcher/fetcher.go:1472.15,1473.33 1 0
github.com/floatpane/matcha/fetcher/fetcher.go:1473.33,1474.60 1 0
github.com/floatpane/matcha/fetcher/fetcher.go:1474.60,1476.11 2 0
github.com/floatpane/matcha/fetcher/fetcher.go:1481.3,1481.15 1 0
github.com/floatpane/matcha/fetcher/fetcher.go:1481.15,1484.4 2 0
github.com/floatpane/matcha/fetcher/fetcher.go:1486.3,1486.15 1 0
github.com/floatpane/matcha/fetcher/fetcher.go:1486.15,1487.12 1 0
github.com/floatpane/matcha/fetcher/fetcher.go:1490.3,1498.5 1 0
github.com/floatpane/matcha/fetcher/fetcher.go:1502.2,1502.55 1 0
github.com/floatpane/matcha/fetcher/fetcher.go:1502.55,1504.3 1 0
github.com/floatpane/matcha/fetcher/fetcher.go:1506.2,1506.20 1 0
github.com/floatpane/matcha/fetcher/fetcher.go:1510.93,1512.16 2 0
github.com/floatpane/matcha/fetcher/fetcher.go:1512.16,1514.3 1 0
github.com/floatpane/matcha/fetcher/fetcher.go:1515.2,1518.16 3 0
github.com/floatpane/matcha/fetcher/fetcher.go:1518.16,1520.3 1 0
github.com/floatpane/matcha/fetcher/fetcher.go:1522.2,1522.62 1 0
github.com/floatpane/matcha/fetcher/fetcher.go:1526.95,1528.16 2 0
github.com/floatpane/matcha/fetcher/fetcher.go:1528.16,1530.3 1 0
github.com/floatpane/matcha/fetcher/fetcher.go:1531.2,1534.16 3 0
github.com/floatpane/matcha/fetcher/fetcher.go:1534.16,1536.3 1 0
github.com/floatpane/matcha/fetcher/fetcher.go:1538.2,1538.64 1 0
github.com/floatpane/matcha/fetcher/fetcher.go:1542.112,1544.16 2 0
github.com/floatpane/matcha/fetcher/fetcher.go:1544.16,1546.3 1 0
github.com/floatpane/matcha/fetcher/fetcher.go:1547.2,1550.16 3 0
github.com/floatpane/matcha/fetcher/fetcher.go:1550.16,1552.3 1 0
github.com/floatpane/matcha/fetcher/fetcher.go:1554.2,1554.81 1 0
github.com/floatpane/matcha/fetcher/fetcher.go:1558.114,1560.16 2 0
github.com/floatpane/matcha/fetcher/fetcher.go:1560.16,1562.3 1 0
github.com/floatpane/matcha/fetcher/fetcher.go:1563.2,1566.16 3 0
github.com/floatpane/matcha/fetcher/fetcher.go:1566.16,1568.3 1 0
github.com/floatpane/matcha/fetcher/fetcher.go:1570.2,1570.83 1 0
github.com/floatpane/matcha/fetcher/fetcher.go:1574.66,1576.16 2 0
github.com/floatpane/matcha/fetcher/fetcher.go:1576.16,1578.3 1 0
github.com/floatpane/matcha/fetcher/fetcher.go:1579.2,1582.16 3 0
github.com/floatpane/matcha/fetcher/fetcher.go:1582.16,1584.3 1 0
github.com/floatpane/matcha/fetcher/fetcher.go:1586.2,1586.59 1 0
github.com/floatpane/matcha/fetcher/fetcher.go:1590.68,1592.16 2 0
github.com/floatpane/matcha/fetcher/fetcher.go:1592.16,1594.3 1 0
github.com/floatpane/matcha/fetcher/fetcher.go:1595.2,1598.16 3 0
github.com/floatpane/matcha/fetcher/fetcher.go:1598.16,1600.3 1 0
github.com/floatpane/matcha/fetcher/fetcher.go:1602.2,1602.61 1 0
github.com/floatpane/matcha/fetcher/fetcher.go:1606.62,1608.16 2 0
github.com/floatpane/matcha/fetcher/fetcher.go:1608.16,1610.3 1 0
github.com/floatpane/matcha/fetcher/fetcher.go:1611.2,1617.6 5 0
github.com/floatpane/matcha/fetcher/fetcher.go:1617.6,1619.18 2 0
github.com/floatpane/matcha/fetcher/fetcher.go:1619.18,1620.9 1 0
github.com/floatpane/matcha/fetcher/fetcher.go:1622.3,1623.22 2 0
github.com/floatpane/matcha/fetcher/fetcher.go:1623.22,1625.4 1 0
github.com/floatpane/matcha/fetcher/fetcher.go:1626.3,1627.32 2 0
github.com/floatpane/matcha/fetcher/fetcher.go:1627.32,1629.4 1 0
github.com/floatpane/matcha/fetcher/fetcher.go:1630.3,1634.5 1 0
github.com/floatpane/matcha/fetcher/fetcher.go:1637.2,1637.40 1 0
github.com/floatpane/matcha/fetcher/fetcher.go:1637.40,1639.3 1 0
github.com/floatpane/matcha/fetcher/fetcher.go:1641.2,1641.21 1 0
github.com/floatpane/matcha/fetcher/fetcher.go:1645.100,1647.2 1 0
github.com/floatpane/matcha/fetcher/fetcher.go:1650.103,1652.2 1 0
github.com/floatpane/matcha/fetcher/fetcher.go:1655.109,1657.2 1 0
github.com/floatpane/matcha/fetcher/fetcher.go:1660.128,1662.2 1 0
github.com/floatpane/matcha/fetcher/fetcher.go:1665.82,1667.2 1 0
github.com/floatpane/matcha/fetcher/fetcher.go:1670.83,1672.2 1 0
github.com/floatpane/matcha/fetcher/fetcher.go:1675.87,1676.33 1 0
github.com/floatpane/matcha/fetcher/fetcher.go:1676.33,1678.3 1 0
github.com/floatpane/matcha/fetcher/fetcher.go:1681.2,1682.16 2 0
github.com/floatpane/matcha/fetcher/fetcher.go:1682.16,1684.3 1 0
github.com/floatpane/matcha/fetcher/fetcher.go:1687.2,1688.16 2 0
github.com/floatpane/matcha/fetcher/fetcher.go:1688.16,1691.17 2 0
github.com/floatpane/matcha/fetcher/fetcher.go:1691.17,1693.4 1 0
github.com/floatpane/matcha/fetcher/fetcher.go:1696.2,1696.26 1 0
github.com/floatpane/matcha/fetcher/fetcher.go:1696.26,1698.3 1 0
github.com/floatpane/matcha/fetcher/fetcher.go:1701.2,1702.16 2 0
github.com/floatpane/matcha/fetcher/fetcher.go:1702.16,1704.3 1 0
github.com/floatpane/matcha/fetcher/fetcher.go:1707.2,1707.73 1 0
github.com/floatpane/matcha/fetcher/fetcher.go:1707.73,1709.3 1 0
github.com/floatpane/matcha/fetcher/fetcher.go:1711.2,1712.81 2 0
github.com/floatpane/matcha/fetcher/fetcher.go:1712.81,1714.3 1 0
github.com/floatpane/matcha/fetcher/fetcher.go:1716.2,1716.31 1 0
github.com/floatpane/matcha/fetcher/fetcher.go:1721.65,1724.32 2 0
github.com/floatpane/matcha/fetcher/fetcher.go:1724.32,1726.17 2 0
github.com/floatpane/matcha/fetcher/fetcher.go:1726.17,1728.4 1 0
github.com/floatpane/matcha/fetcher/fetcher.go:1729.3,1730.17 2 0
github.com/floatpane/matcha/fetcher/fetcher.go:1730.17,1732.18 2 0
github.com/floatpane/matcha/fetcher/fetcher.go:1732.18,1734.5 1 0
github.com/floatpane/matcha/fetcher/fetcher.go:1736.3,1736.41 1 0
github.com/floatpane/matcha/fetcher/fetcher.go:1740.2,1740.32 1 0
github.com/floatpane/matcha/fetcher/fetcher.go:1740.32,1742.3 1 0
github.com/floatpane/matcha/fetcher/fetcher.go:1745.2,1746.16 2 0
github.com/floatpane/matcha/fetcher/fetcher.go:1746.16,1749.17 3 0
github.com/floatpane/matcha/fetcher/fetcher.go:1749.17,1750.34 1 0
github.com/floatpane/matcha/fetcher/fetcher.go:1750.34,1751.22 1 0
github.com/floatpane/matcha/fetcher/fetcher.go:1751.22,1752.14 1 0
github.com/floatpane/matcha/fetcher/fetcher.go:1754.5,1755.75 2 0
github.com/floatpane/matcha/fetcher/fetcher.go:1755.75,1757.6 1 0
github.com/floatpane/matcha/fetcher/fetcher.go:1762.2,1762.16 1 0
github.com/floatpane/matcha/fetcher/fetcher.go:1766.92,1768.23 2 0
github.com/floatpane/matcha/fetcher/fetcher.go:1768.23,1770.3 1 0
github.com/floatpane/matcha/fetcher/fetcher.go:1773.2,1784.16 11 0
github.com/floatpane/matcha/fetcher/fetcher.go:1784.16,1786.3 1 0
github.com/floatpane/matcha/fetcher/fetcher.go:1788.2,1788.30 1 0
github.com/floatpane/matcha/fetcher/fetcher.go:1788.30,1790.3 1 0
github.com/floatpane/matcha/fetcher/fetcher.go:1793.2,1795.48 2 0
github.com/floatpane/matcha/fetcher/idle.go:36.60,41.2 1 0
github.com/floatpane/matcha/fetcher/idle.go:44.69,49.48 3 0
github.com/floatpane/matcha/fetcher/idle.go:49.48,53.3 2 0
github.com/floatpane/matcha/fetcher/idle.go:55.2,63.12 3 0
github.com/floatpane/matcha/fetcher/idle.go:67.46,71.40 3 0
github.com/floatpane/matcha/fetcher/idle.go:71.40,75.3 2 0
github.com/floatpane/matcha/fetcher/idle.go:79.33,83.32 3 0
github.com/floatpane/matcha/fetcher/idle.go:83.32,86.3 2 0
github.com/floatpane/matcha/fetcher/idle.go:90.40,93.32 3 0
github.com/floatpane/matcha/fetcher/idle.go:93.32,97.3 3 0
github.com/floatpane/matcha/fetcher/idle.go:98.2,100.31 2 0
github.com/floatpane/matcha/fetcher/idle.go:100.31,102.3 1 0
github.com/floatpane/matcha/fetcher/idle.go:105.29,112.6 5 0
github.com/floatpane/matcha/fetcher/idle.go:112.6,115.17 3 0
github.com/floatpane/matcha/fetcher/idle.go:115.17,118.4 1 0
github.com/floatpane/matcha/fetcher/idle.go:122.3,122.34 1 0
github.com/floatpane/matcha/fetcher/idle.go:122.34,124.4 1 0
github.com/floatpane/matcha/fetcher/idle.go:127.3,127.10 1 0
github.com/floatpane/matcha/fetcher/idle.go:128.17,129.10 1 0
github.com/floatpane/matcha/fetcher/idle.go:130.11,130.11 0 0
github.com/floatpane/matcha/fetcher/idle.go:134.3,134.126 1 0
github.com/floatpane/matcha/fetcher/idle.go:134.126,137.4 2 0
github.com/floatpane/matcha/fetcher/idle.go:139.3,142.10 2 0
github.com/floatpane/matcha/fetcher/idle.go:143.17,144.10 1 0
github.com/floatpane/matcha/fetcher/idle.go:145.30,145.30 0 0
github.com/floatpane/matcha/fetcher/idle.go:148.3,149.27 2 0
github.com/floatpane/matcha/fetcher/idle.go:149.27,151.4 1 0
github.com/floatpane/matcha/fetcher/idle.go:157.40,160.57 2 0
github.com/floatpane/matcha/fetcher/idle.go:160.57,161.31 1 0
github.com/floatpane/matcha/fetcher/idle.go:161.31,163.5 1 0
github.com/floatpane/matcha/fetcher/idle.go:166.2,166.16 1 0
github.com/floatpane/matcha/fetcher/idle.go:166.16,168.3 1 0
github.com/floatpane/matcha/fetcher/idle.go:169.2,173.16 3 0
github.com/floatpane/matcha/fetcher/idle.go:173.16,175.3 1 0
github.com/floatpane/matcha/fetcher/idle.go:176.2,180.16 3 0
github.com/floatpane/matcha/fetcher/idle.go:180.16,182.3 1 0
github.com/floatpane/matcha/fetcher/idle.go:184.2,184.6 1 0
github.com/floatpane/matcha/fetcher/idle.go:184.6,185.10 1 0
github.com/floatpane/matcha/fetcher/idle.go:186.17,189.14 3 0
github.com/floatpane/matcha/fetcher/idle.go:191.38,192.30 1 0
github.com/floatpane/matcha/fetcher/idle.go:192.30,193.12 1 0
github.com/floatpane/matcha/fetcher/idle.go:197.7,197.7 0 0
github.com/floatpane/matcha/fetcher/idle.go:198.19,201.16 3 0
github.com/floatpane/matcha/fetcher/idle.go:204.4,204.26 1 0
github.com/floatpane/matcha/fetcher/idle.go:206.21,207.42 1 0
github.com/floatpane/matcha/fetcher/idle.go:207.42,209.5 1 0
github.com/floatpane/matcha/fetcher/idle.go:210.4,210.25 1 0
github.com/floatpane/matcha/fetcher/xoauth2.go:16.69,21.2 2 0
github.com/floatpane/matcha/fetcher/xoauth2.go:23.64,26.2 1 0
github.com/floatpane/matcha/fetcher/xoauth2.go:32.59,34.2 1 0
github.com/floatpane/matcha/pgp/yubikey.go:26.40,28.16 2 0
github.com/floatpane/matcha/pgp/yubikey.go:28.16,36.3 1 0
github.com/floatpane/matcha/pgp/yubikey.go:38.2,39.16 2 0
github.com/floatpane/matcha/pgp/yubikey.go:39.16,46.3 2 0
github.com/floatpane/matcha/pgp/yubikey.go:48.2,50.16 3 0
github.com/floatpane/matcha/pgp/yubikey.go:50.16,54.3 3 0
github.com/floatpane/matcha/pgp/yubikey.go:56.2,56.18 1 0
github.com/floatpane/matcha/pgp/yubikey.go:63.94,65.16 2 0
github.com/floatpane/matcha/pgp/yubikey.go:65.16,67.3 1 0
github.com/floatpane/matcha/pgp/yubikey.go:68.2,71.62 2 0
github.com/floatpane/matcha/pgp/yubikey.go:71.62,73.3 1 0
github.com/floatpane/matcha/pgp/yubikey.go:76.2,77.16 2 0
github.com/floatpane/matcha/pgp/yubikey.go:77.16,79.3 1 0
github.com/floatpane/matcha/pgp/yubikey.go:81.2,82.9 2 0
github.com/floatpane/matcha/pgp/yubikey.go:82.9,84.3 1 0
github.com/floatpane/matcha/pgp/yubikey.go:87.2,88.16 2 0
github.com/floatpane/matcha/pgp/yubikey.go:88.16,90.3 1 0
github.com/floatpane/matcha/pgp/yubikey.go:93.2,101.16 5 0
github.com/floatpane/matcha/pgp/yubikey.go:101.16,103.3 1 0
github.com/floatpane/matcha/pgp/yubikey.go:106.2,107.16 2 0
github.com/floatpane/matcha/pgp/yubikey.go:107.16,109.3 1 0
github.com/floatpane/matcha/pgp/yubikey.go:111.2,111.71 1 0
github.com/floatpane/matcha/pgp/yubikey.go:116.67,118.16 2 0
github.com/floatpane/matcha/pgp/yubikey.go:118.16,120.3 1 0
github.com/floatpane/matcha/pgp/yubikey.go:122.2,123.16 2 0
github.com/floatpane/matcha/pgp/yubikey.go:123.16,125.17 2 0
github.com/floatpane/matcha/pgp/yubikey.go:125.17,127.4 1 0
github.com/floatpane/matcha/pgp/yubikey.go:129.2,129.24 1 0
github.com/floatpane/matcha/pgp/yubikey.go:129.24,131.3 1 0
github.com/floatpane/matcha/pgp/yubikey.go:133.2,137.40 3 0
github.com/floatpane/matcha/pgp/yubikey.go:137.40,138.121 1 0
github.com/floatpane/matcha/pgp/yubikey.go:138.121,140.4 1 0
github.com/floatpane/matcha/pgp/yubikey.go:144.2,144.31 1 0
github.com/floatpane/matcha/pgp/yubikey.go:148.113,157.63 5 0
github.com/floatpane/matcha/pgp/yubikey.go:157.63,161.3 3 0
github.com/floatpane/matcha/pgp/yubikey.go:164.2,164.64 1 0
github.com/floatpane/matcha/pgp/yubikey.go:164.64,168.3 3 0
github.com/floatpane/matcha/pgp/yubikey.go:171.2,171.64 1 0
github.com/floatpane/matcha/pgp/yubikey.go:171.64,174.3 2 0
github.com/floatpane/matcha/pgp/yubikey.go:177.2,205.16 23 0
github.com/floatpane/matcha/pgp/yubikey.go:205.16,207.3 1 0
github.com/floatpane/matcha/pgp/yubikey.go:210.2,222.27 7 0
github.com/floatpane/matcha/pgp/yubikey.go:223.30,225.24 1 0
github.com/floatpane/matcha/pgp/yubikey.go:225.24,227.4 1 0
github.com/floatpane/matcha/pgp/yubikey.go:228.3,229.31 2 0
github.com/floatpane/matcha/pgp/yubikey.go:231.58,233.26 1 0
github.com/floatpane/matcha/pgp/yubikey.go:235.30,238.17 2 0
github.com/floatpane/matcha/pgp/yubikey.go:238.17,240.4 1 0
github.com/floatpane/matcha/pgp/yubikey.go:241.3,242.21 2 0
github.com/floatpane/matcha/pgp/yubikey.go:244.10,245.77 1 0
github.com/floatpane/matcha/pgp/yubikey.go:249.2,255.25 6 0
github.com/floatpane/matcha/pgp/yubikey.go:259.55,262.16 3 0
github.com/floatpane/matcha/pgp/yubikey.go:262.16,264.3 1 0
github.com/floatpane/matcha/pgp/yubikey.go:265.2,265.46 1 0
github.com/floatpane/matcha/pgp/yubikey.go:265.46,267.3 1 0
github.com/floatpane/matcha/pgp/yubikey.go:268.2,268.34 1 0
github.com/floatpane/matcha/pgp/yubikey.go:268.34,270.3 1 0
github.com/floatpane/matcha/pgp/yubikey.go:271.2,271.25 1 0
github.com/floatpane/matcha/pgp/yubikey.go:275.58,276.63 1 0
github.com/floatpane/matcha/pgp/yubikey.go:276.63,278.3 1 0
github.com/floatpane/matcha/pgp/yubikey.go:279.2,279.21 1 0
github.com/floatpane/matcha/pgp/yubikey.go:284.68,286.22 2 0
github.com/floatpane/matcha/pgp/yubikey.go:286.22,287.61 1 0
github.com/floatpane/matcha/pgp/yubikey.go:287.61,289.55 2 0
github.com/floatpane/matcha/pgp/yubikey.go:289.55,291.10 2 0
github.com/floatpane/matcha/pgp/yubikey.go:296.2,297.34 2 0
github.com/floatpane/matcha/pgp/yubikey.go:297.34,300.3 2 0
github.com/floatpane/matcha/pgp/yubikey.go:301.2,302.21 2 0
github.com/floatpane/matcha/pgp/yubikey.go:306.92,311.22 3 0
github.com/floatpane/matcha/pgp/yubikey.go:311.22,312.61 1 0
github.com/floatpane/matcha/pgp/yubikey.go:312.61,314.55 2 0
github.com/floatpane/matcha/pgp/yubikey.go:314.55,316.13 2 0
github.com/floatpane/matcha/pgp/yubikey.go:318.4,318.55 1 0
github.com/floatpane/matcha/pgp/yubikey.go:318.55,319.13 1 0
github.com/floatpane/matcha/pgp/yubikey.go:321.4,321.21 1 0
github.com/floatpane/matcha/pgp/yubikey.go:321.21,324.5 2 0
github.com/floatpane/matcha/pgp/yubikey.go:329.2,338.34 8 0
github.com/floatpane/matcha/pgp/yubikey.go:338.34,341.3 2 0
github.com/floatpane/matcha/pgp/yubikey.go:342.2,354.23 10 0
github.com/floatpane/matcha/pgp/yubikey.go:358.82,362.18 4 0
github.com/floatpane/matcha/pgp/yubikey.go:362.18,364.3 1 0
github.com/floatpane/matcha/pgp/yubikey.go:364.8,369.3 3 0
github.com/floatpane/matcha/pgp/yubikey.go:370.2,371.26 2 0
github.com/floatpane/matcha/pgp/yubikey.go:375.41,377.36 1 0
github.com/floatpane/matcha/pgp/yubikey.go:377.36,379.3 1 0
github.com/floatpane/matcha/pgp/yubikey.go:380.2,380.20 1 0
github.com/floatpane/matcha/pgp/yubikey.go:380.20,382.3 1 0
github.com/floatpane/matcha/pgp/yubikey.go:383.2,387.15 5 0
github.com/floatpane/matcha/pgp/yubikey.go:391.28,393.12 2 0
github.com/floatpane/matcha/pgp/yubikey.go:393.12,396.3 2 0
github.com/floatpane/matcha/pgp/yubikey.go:397.2,397.10 1 0
github.com/floatpane/matcha/pgp/yubikey.go:401.56,402.18 1 0
github.com/floatpane/matcha/pgp/yubikey.go:402.18,404.3 1 0
github.com/floatpane/matcha/pgp/yubikey.go:404.8,404.26 1 0
github.com/floatpane/matcha/pgp/yubikey.go:404.26,408.3 3 0
github.com/floatpane/matcha/pgp/yubikey.go:408.8,413.3 4 0
github.com/floatpane/matcha/pgp/yubikey.go:421.62,423.36 1 1
github.com/floatpane/matcha/pgp/yubikey.go:423.36,425.3 1 0
github.com/floatpane/matcha/pgp/yubikey.go:427.2,430.41 2 1
github.com/floatpane/matcha/pgp/yubikey.go:430.41,432.3 1 0
github.com/floatpane/matcha/pgp/yubikey.go:433.2,434.21 2 1
github.com/floatpane/matcha/pgp/yubikey.go:434.21,436.3 1 0
github.com/floatpane/matcha/pgp/yubikey.go:437.2,439.25 3 1
github.com/floatpane/matcha/pgp/yubikey.go:439.25,441.3 1 1
github.com/floatpane/matcha/pgp/yubikey.go:442.2,446.41 3 1
github.com/floatpane/matcha/pgp/yubikey.go:446.41,448.3 1 1
github.com/floatpane/matcha/pgp/yubikey.go:449.2,450.21 2 1
github.com/floatpane/matcha/pgp/yubikey.go:450.21,452.3 1 0
github.com/floatpane/matcha/pgp/yubikey.go:453.2,455.25 3 1
github.com/floatpane/matcha/pgp/yubikey.go:455.25,457.3 1 1
github.com/floatpane/matcha/pgp/yubikey.go:458.2,460.40 2 1
github.com/floatpane/matcha/pgp/yubikey.go:464.37,466.16 2 0
github.com/floatpane/matcha/pgp/yubikey.go:466.16,468.3 1 0
github.com/floatpane/matcha/pgp/yubikey.go:469.2,470.12 2 0
github.com/floatpane/matcha/pgp/yubikey.go:474.39,476.16 2 0
github.com/floatpane/matcha/pgp/yubikey.go:476.16,478.3 1 0
github.com/floatpane/matcha/pgp/yubikey.go:479.2,489.33 8 0
github.com/floatpane/matcha/pgp/yubikey.go:489.33,491.3 1 0
github.com/floatpane/matcha/pgp/yubikey.go:493.2,493.55 1 0
github.com/floatpane/matcha/pgp/yubikey.go:493.55,494.42 1 0
github.com/floatpane/matcha/pgp/yubikey.go:494.42,496.41 2 0
github.com/floatpane/matcha/pgp/yubikey.go:496.41,498.5 1 0
github.com/floatpane/matcha/pgp/yubikey.go:498.10,498.47 1 0
github.com/floatpane/matcha/pgp/yubikey.go:498.47,500.5 1 0
github.com/floatpane/matcha/pgp/yubikey.go:501.4,501.16 1 0
github.com/floatpane/matcha/pgp/yubikey.go:505.2,505.18 1 0
github.com/floatpane/matcha/plugin/api.go:10.33,25.2 3 1
github.com/floatpane/matcha/plugin/api.go:28.44,33.2 4 0
github.com/floatpane/matcha/plugin/api.go:36.45,40.2 3 0
github.com/floatpane/matcha/plugin/api.go:44.51,49.2 4 0
github.com/floatpane/matcha/plugin/api.go:53.48,57.2 3 0
github.com/floatpane/matcha/plugin/api.go:61.49,67.14 5 0
github.com/floatpane/matcha/plugin/api.go:68.41,74.5 1 0
github.com/floatpane/matcha/plugin/api.go:75.10,76.84 1 0
github.com/floatpane/matcha/plugin/api.go:78.2,78.10 1 0
github.com/floatpane/matcha/plugin/api.go:83.57,87.15 3 0
github.com/floatpane/matcha/plugin/api.go:88.44,89.33 1 0
github.com/floatpane/matcha/plugin/api.go:90.10,91.92 1 0
github.com/floatpane/matcha/plugin/api.go:93.2,93.10 1 0
github.com/floatpane/matcha/plugin/hooks.go:30.65,32.2 1 0
github.com/floatpane/matcha/plugin/hooks.go:35.62,37.9 2 0
github.com/floatpane/matcha/plugin/hooks.go:37.9,39.3 1 0
github.com/floatpane/matcha/plugin/hooks.go:41.2,41.31 1 0
github.com/floatpane/matcha/plugin/hooks.go:41.31,46.27 1 0
github.com/floatpane/matcha/plugin/hooks.go:46.27,48.4 1 0
github.com/floatpane/matcha/plugin/hooks.go:53.81,55.9 2 0
github.com/floatpane/matcha/plugin/hooks.go:55.9,57.3 1 0
github.com/floatpane/matcha/plugin/hooks.go:59.2,66.31 7 0
github.com/floatpane/matcha/plugin/hooks.go:66.31,71.21 1 0
github.com/floatpane/matcha/plugin/hooks.go:71.21,73.4 1 0
github.com/floatpane/matcha/plugin/hooks.go:78.67,80.9 2 0
github.com/floatpane/matcha/plugin/hooks.go:80.9,82.3 1 0
github.com/floatpane/matcha/plugin/hooks.go:84.2,84.31 1 0
github.com/floatpane/matcha/plugin/hooks.go:84.31,89.43 1 0
github.com/floatpane/matcha/plugin/hooks.go:89.43,91.4 1 0
github.com/floatpane/matcha/plugin/hooks.go:96.85,98.9 2 0
github.com/floatpane/matcha/plugin/hooks.go:98.9,100.3 1 0
github.com/floatpane/matcha/plugin/hooks.go:102.2,111.31 9 0
github.com/floatpane/matcha/plugin/hooks.go:111.31,116.21 1 0
github.com/floatpane/matcha/plugin/hooks.go:116.21,118.4 1 0
github.com/floatpane/matcha/plugin/hooks.go:123.74,128.26 1 0
github.com/floatpane/matcha/plugin/hooks.go:128.26,130.3 1 0
github.com/floatpane/matcha/plugin/hooks.go:134.160,147.26 11 0
github.com/floatpane/matcha/plugin/hooks.go:147.26,149.3 1 0
github.com/floatpane/matcha/plugin/hooks.go:150.2,152.10 2 0
github.com/floatpane/matcha/plugin/http.go:31.46,36.24 3 1
github.com/floatpane/matcha/plugin/http.go:36.24,40.3 3 1
github.com/floatpane/matcha/plugin/http.go:41.2,44.85 2 1
github.com/floatpane/matcha/plugin/http.go:44.85,48.3 3 1
github.com/floatpane/matcha/plugin/http.go:51.2,52.53 2 1
github.com/floatpane/matcha/plugin/http.go:52.53,54.3 1 1
github.com/floatpane/matcha/plugin/http.go:57.2,58.51 2 1
github.com/floatpane/matcha/plugin/http.go:58.51,60.3 1 1
github.com/floatpane/matcha/plugin/http.go:62.2,63.16 2 1
github.com/floatpane/matcha/plugin/http.go:63.16,67.3 3 0
github.com/floatpane/matcha/plugin/http.go:70.2,70.54 1 1
github.com/floatpane/matcha/plugin/http.go:70.54,71.37 1 1
github.com/floatpane/matcha/plugin/http.go:71.37,72.38 1 1
github.com/floatpane/matcha/plugin/http.go:72.38,74.5 1 1
github.com/floatpane/matcha/plugin/http.go:78.2,79.16 2 1
github.com/floatpane/matcha/plugin/http.go:79.16,83.3 3 0
github.com/floatpane/matcha/plugin/http.go:84.2,87.16 3 1
github.com/floatpane/matcha/plugin/http.go:87.16,91.3 3 0
github.com/floatpane/matcha/plugin/http.go:94.2,99.35 5 1
github.com/floatpane/matcha/plugin/http.go:99.35,100.20 1 1
github.com/floatpane/matcha/plugin/http.go:100.20,102.4 1 1
github.com/floatpane/matcha/plugin/http.go:104.2,108.10 4 1
github.com/floatpane/matcha/plugin/plugin.go:39.28,60.4 3 1
github.com/floatpane/matcha/plugin/plugin.go:60.4,64.3 3 1
github.com/floatpane/matcha/plugin/plugin.go:66.2,69.10 3 1
github.com/floatpane/matcha/plugin/plugin.go:73.33,75.16 2 0
github.com/floatpane/matcha/plugin/plugin.go:75.16,77.3 1 0
github.com/floatpane/matcha/plugin/plugin.go:79.2,81.16 3 0
github.com/floatpane/matcha/plugin/plugin.go:81.16,83.3 1 0
github.com/floatpane/matcha/plugin/plugin.go:85.2,85.32 1 0
github.com/floatpane/matcha/plugin/plugin.go:85.32,88.20 2 0
github.com/floatpane/matcha/plugin/plugin.go:88.20,91.47 2 0
github.com/floatpane/matcha/plugin/plugin.go:91.47,93.5 1 0
github.com/floatpane/matcha/plugin/plugin.go:94.9,94.53 1 0
github.com/floatpane/matcha/plugin/plugin.go:94.53,98.4 2 0
github.com/floatpane/matcha/plugin/plugin.go:102.49,103.45 1 0
github.com/floatpane/matcha/plugin/plugin.go:103.45,106.3 2 0
github.com/floatpane/matcha/plugin/plugin.go:107.2,108.39 2 0
github.com/floatpane/matcha/plugin/plugin.go:112.38,114.2 1 0
github.com/floatpane/matcha/plugin/plugin.go:123.73,124.33 1 0
github.com/floatpane/matcha/plugin/plugin.go:124.33,126.3 1 0
github.com/floatpane/matcha/plugin/plugin.go:127.2,133.16 4 0
github.com/floatpane/matcha/plugin/plugin.go:137.57,138.31 1 0
github.com/floatpane/matcha/plugin/plugin.go:138.31,140.3 1 0
github.com/floatpane/matcha/plugin/plugin.go:141.2,143.15 3 0
github.com/floatpane/matcha/plugin/plugin.go:147.54,149.31 2 0
github.com/floatpane/matcha/plugin/plugin.go:149.31,150.21 1 0
github.com/floatpane/matcha/plugin/plugin.go:150.21,152.4 1 0
github.com/floatpane/matcha/plugin/plugin.go:154.2,154.15 1 0
github.com/floatpane/matcha/plugin/plugin.go:158.50,160.2 1 0
github.com/floatpane/matcha/plugin/plugin.go:163.42,165.2 1 0
github.com/floatpane/matcha/plugin/plugin.go:168.27,169.20 1 1
github.com/floatpane/matcha/plugin/plugin.go:169.20,171.3 1 1
github.com/floatpane/matcha/plugin/prompt.go:18.48,27.2 4 0
github.com/floatpane/matcha/plugin/prompt.go:30.62,31.28 1 0
github.com/floatpane/matcha/plugin/prompt.go:31.28,33.3 1 0
github.com/floatpane/matcha/plugin/prompt.go:34.2,36.16 3 0
github.com/floatpane/matcha/plugin/prompt.go:40.70,41.45 1 0
github.com/floatpane/matcha/plugin/prompt.go:41.45,43.3 1 0
github.com/floatpane/matcha/plugin/prompt.go:44.2,48.37 1 0
github.com/floatpane/matcha/plugin/prompt.go:48.37,50.3 1 0
github.com/floatpane/matcha/sender/sender.go:40.78,43.2 2 0
github.com/floatpane/matcha/sender/sender.go:45.74,46.10 1 0
github.com/floatpane/matcha/sender/sender.go:46.10,49.3 1 0
github.com/floatpane/matcha/sender/sender.go:50.2,50.17 1 0
github.com/floatpane/matcha/sender/sender.go:59.76,61.2 1 0
github.com/floatpane/matcha/sender/sender.go:63.72,64.11 1 0
github.com/floatpane/matcha/sender/sender.go:64.11,66.3 1 0
github.com/floatpane/matcha/sender/sender.go:67.2,68.33 2 0
github.com/floatpane/matcha/sender/sender.go:69.19,70.33 1 0
github.com/floatpane/matcha/sender/sender.go:71.19,72.33 1 0
github.com/floatpane/matcha/sender/sender.go:73.10,74.64 1 0
github.com/floatpane/matcha/sender/sender.go:79.44,82.16 3 1
github.com/floatpane/matcha/sender/sender.go:82.16,84.3 1 0
github.com/floatpane/matcha/sender/sender.go:85.2,85.42 1 1
github.com/floatpane/matcha/sender/sender.go:89.39,100.75 6 0
github.com/floatpane/matcha/sender/sender.go:100.75,101.16 1 0
github.com/floatpane/matcha/sender/sender.go:101.16,103.4 1 0
github.com/floatpane/matcha/sender/sender.go:105.3,105.22 1 0
github.com/floatpane/matcha/sender/sender.go:106.58,108.32 1 0
github.com/floatpane/matcha/sender/sender.go:109.21,113.11 2 0
github.com/floatpane/matcha/sender/sender.go:113.11,116.5 2 0
github.com/floatpane/matcha/sender/sender.go:119.4,120.62 2 0
github.com/floatpane/matcha/sender/sender.go:120.62,121.37 1 0
github.com/floatpane/matcha/sender/sender.go:121.37,123.6 1 0
github.com/floatpane/matcha/sender/sender.go:123.11,127.6 2 0
github.com/floatpane/matcha/sender/sender.go:129.4,133.52 3 0
github.com/floatpane/matcha/sender/sender.go:133.52,135.5 1 0
github.com/floatpane/matcha/sender/sender.go:138.4,139.28 2 0
github.com/floatpane/matcha/sender/sender.go:140.11,142.28 2 0
github.com/floatpane/matcha/sender/sender.go:145.2,145.18 1 0
github.com/floatpane/matcha/sender/sender.go:150.83,151.45 1 0
github.com/floatpane/matcha/sender/sender.go:151.45,153.3 1 0
github.com/floatpane/matcha/sender/sender.go:154.2,154.30 1 0
github.com/floatpane/matcha/sender/sender.go:158.278,162.22 3 0
github.com/floatpane/matcha/sender/sender.go:162.22,164.3 1 0
github.com/floatpane/matcha/sender/sender.go:166.2,181.17 5 0
github.com/floatpane/matcha/sender/sender.go:181.17,183.3 1 0
github.com/floatpane/matcha/sender/sender.go:185.2,185.21 1 0
github.com/floatpane/matcha/sender/sender.go:185.21,187.26 2 0
github.com/floatpane/matcha/sender/sender.go:187.26,189.4 1 0
github.com/floatpane/matcha/sender/sender.go:189.9,191.4 1 0
github.com/floatpane/matcha/sender/sender.go:195.2,197.32 3 0
github.com/floatpane/matcha/sender/sender.go:197.32,198.30 1 0
github.com/floatpane/matcha/sender/sender.go:198.30,200.4 1 0
github.com/floatpane/matcha/sender/sender.go:203.2,211.19 5 0
github.com/floatpane/matcha/sender/sender.go:211.19,212.46 1 0
github.com/floatpane/matcha/sender/sender.go:212.46,214.4 1 0
github.com/floatpane/matcha/sender/sender.go:217.3,230.16 11 0
github.com/floatpane/matcha/sender/sender.go:230.16,231.57 1 0
github.com/floatpane/matcha/sender/sender.go:231.57,233.5 1 0
github.com/floatpane/matcha/sender/sender.go:235.4,236.18 2 0
github.com/floatpane/matcha/sender/sender.go:236.18,238.5 1 0
github.com/floatpane/matcha/sender/sender.go:239.4,240.18 2 0
github.com/floatpane/matcha/sender/sender.go:240.18,242.5 1 0
github.com/floatpane/matcha/sender/sender.go:244.4,245.24 2 0
github.com/floatpane/matcha/sender/sender.go:245.24,247.5 1 0
github.com/floatpane/matcha/sender/sender.go:248.4,249.18 2 0
github.com/floatpane/matcha/sender/sender.go:249.18,251.5 1 0
github.com/floatpane/matcha/sender/sender.go:253.4,254.23 2 0
github.com/floatpane/matcha/sender/sender.go:254.23,256.5 1 0
github.com/floatpane/matcha/sender/sender.go:257.4,258.18 2 0
github.com/floatpane/matcha/sender/sender.go:258.18,260.19 2 0
github.com/floatpane/matcha/sender/sender.go:260.19,262.6 1 0
github.com/floatpane/matcha/sender/sender.go:266.4,270.18 4 0
github.com/floatpane/matcha/sender/sender.go:270.18,272.5 1 0
github.com/floatpane/matcha/sender/sender.go:273.4,273.88 1 0
github.com/floatpane/matcha/sender/sender.go:273.88,275.5 1 0
github.com/floatpane/matcha/sender/sender.go:276.4,277.18 2 0
github.com/floatpane/matcha/sender/sender.go:277.18,279.5 1 0
github.com/floatpane/matcha/sender/sender.go:281.4,283.48 3 0
github.com/floatpane/matcha/sender/sender.go:283.48,285.5 1 0
github.com/floatpane/matcha/sender/sender.go:285.10,288.5 1 0
github.com/floatpane/matcha/sender/sender.go:289.4,301.20 12 0
github.com/floatpane/matcha/sender/sender.go:301.20,304.5 2 0
github.com/floatpane/matcha/sender/sender.go:304.10,306.5 1 0
github.com/floatpane/matcha/sender/sender.go:307.9,311.20 3 0
github.com/floatpane/matcha/sender/sender.go:311.20,313.5 1 0
github.com/floatpane/matcha/sender/sender.go:313.10,318.5 3 0
github.com/floatpane/matcha/sender/sender.go:321.8,332.17 8 0
github.com/floatpane/matcha/sender/sender.go:332.17,334.4 1 0
github.com/floatpane/matcha/sender/sender.go:335.3,343.17 7 0
github.com/floatpane/matcha/sender/sender.go:343.17,345.4 1 0
github.com/floatpane/matcha/sender/sender.go:346.3,355.17 5 0
github.com/floatpane/matcha/sender/sender.go:355.17,357.4 1 0
github.com/floatpane/matcha/sender/sender.go:358.3,368.17 6 0
github.com/floatpane/matcha/sender/sender.go:368.17,370.4 1 0
github.com/floatpane/matcha/sender/sender.go:371.3,378.33 5 0
github.com/floatpane/matcha/sender/sender.go:378.33,381.22 3 0
github.com/floatpane/matcha/sender/sender.go:381.22,383.5 1 0
github.com/floatpane/matcha/sender/sender.go:385.4,392.18 7 0
github.com/floatpane/matcha/sender/sender.go:392.18,394.5 1 0
github.com/floatpane/matcha/sender/sender.go:396.4,397.54 2 0
github.com/floatpane/matcha/sender/sender.go:400.3,403.43 2 0
github.com/floatpane/matcha/sender/sender.go:403.43,405.22 2 0
github.com/floatpane/matcha/sender/sender.go:405.22,407.5 1 0
github.com/floatpane/matcha/sender/sender.go:409.4,415.18 6 0
github.com/floatpane/matcha/sender/sender.go:415.18,417.5 1 0
github.com/floatpane/matcha/sender/sender.go:418.4,420.62 2 0
github.com/floatpane/matcha/sender/sender.go:423.3,428.34 3 0
github.com/floatpane/matcha/sender/sender.go:428.34,431.4 2 0
github.com/floatpane/matcha/sender/sender.go:435.2,435.42 1 0
github.com/floatpane/matcha/sender/sender.go:435.42,436.56 1 0
github.com/floatpane/matcha/sender/sender.go:436.56,438.4 1 0
github.com/floatpane/matcha/sender/sender.go:440.3,441.17 2 0
github.com/floatpane/matcha/sender/sender.go:441.17,443.4 1 0
github.com/floatpane/matcha/sender/sender.go:444.3,445.17 2 0
github.com/floatpane/matcha/sender/sender.go:445.17,447.4 1 0
github.com/floatpane/matcha/sender/sender.go:449.3,450.23 2 0
github.com/floatpane/matcha/sender/sender.go:450.23,452.4 1 0
github.com/floatpane/matcha/sender/sender.go:453.3,454.17 2 0
github.com/floatpane/matcha/sender/sender.go:454.17,456.4 1 0
github.com/floatpane/matcha/sender/sender.go:458.3,459.22 2 0
github.com/floatpane/matcha/sender/sender.go:459.22,461.4 1 0
github.com/floatpane/matcha/sender/sender.go:462.3,463.17 2 0
github.com/floatpane/matcha/sender/sender.go:463.17,465.18 2 0
github.com/floatpane/matcha/sender/sender.go:465.18,467.5 1 0
github.com/floatpane/matcha/sender/sender.go:470.3,474.17 4 0
github.com/floatpane/matcha/sender/sender.go:474.17,476.4 1 0
github.com/floatpane/matcha/sender/sender.go:477.3,477.87 1 0
github.com/floatpane/matcha/sender/sender.go:477.87,479.4 1 0
github.com/floatpane/matcha/sender/sender.go:480.3,481.17 2 0
github.com/floatpane/matcha/sender/sender.go:481.17,483.4 1 0
github.com/floatpane/matcha/sender/sender.go:485.3,487.47 3 0
github.com/floatpane/matcha/sender/sender.go:487.47,489.4 1 0
github.com/floatpane/matcha/sender/sender.go:489.9,492.4 1 0
github.com/floatpane/matcha/sender/sender.go:493.3,505.19 12 0
github.com/floatpane/matcha/sender/sender.go:505.19,508.4 2 0
github.com/floatpane/matcha/sender/sender.go:508.9,510.4 1 0
github.com/floatpane/matcha/sender/sender.go:514.2,514.18 1 0
github.com/floatpane/matcha/sender/sender.go:514.18,525.36 8 0
github.com/floatpane/matcha/sender/sender.go:525.36,527.33 2 0
github.com/floatpane/matcha/sender/sender.go:527.33,529.24 2 0
github.com/floatpane/matcha/sender/sender.go:529.24,531.6 1 0
github.com/floatpane/matcha/sender/sender.go:534.4,536.71 2 0
github.com/floatpane/matcha/sender/sender.go:536.71,538.5 1 0
github.com/floatpane/matcha/sender/sender.go:538.10,540.5 1 0
github.com/floatpane/matcha/sender/sender.go:542.4,543.18 2 0
github.com/floatpane/matcha/sender/sender.go:543.18,545.13 2 0
github.com/floatpane/matcha/sender/sender.go:547.4,548.20 2 0
github.com/floatpane/matcha/sender/sender.go:548.20,550.13 2 0
github.com/floatpane/matcha/sender/sender.go:552.4,553.18 2 0
github.com/floatpane/matcha/sender/sender.go:553.18,555.13 2 0
github.com/floatpane/matcha/sender/sender.go:557.4,557.31 1 0
github.com/floatpane/matcha/sender/sender.go:560.3,560.28 1 0
github.com/floatpane/matcha/sender/sender.go:560.28,562.4 1 0
github.com/floatpane/matcha/sender/sender.go:564.3,565.17 2 0
github.com/floatpane/matcha/sender/sender.go:565.17,567.4 1 0
github.com/floatpane/matcha/sender/sender.go:569.3,572.84 4 0
github.com/floatpane/matcha/sender/sender.go:576.2,577.27 2 0
github.com/floatpane/matcha/sender/sender.go:577.27,580.32 2 0
github.com/floatpane/matcha/sender/sender.go:580.32,583.4 1 0
github.com/floatpane/matcha/sender/sender.go:583.9,586.4 1 0
github.com/floatpane/matcha/sender/sender.go:588.3,589.17 2 0
github.com/floatpane/matcha/sender/sender.go:589.17,591.4 1 0
github.com/floatpane/matcha/sender/sender.go:593.3,593.17 1 0
github.com/floatpane/matcha/sender/sender.go:593.17,596.4 1 0
github.com/floatpane/matcha/sender/sender.go:596.9,600.4 2 0
github.com/floatpane/matcha/sender/sender.go:604.2,604.33 1 0
github.com/floatpane/matcha/sender/sender.go:604.33,610.26 5 0
github.com/floatpane/matcha/sender/sender.go:610.26,613.4 1 0
github.com/floatpane/matcha/sender/sender.go:613.9,613.39 1 0
github.com/floatpane/matcha/sender/sender.go:613.39,616.4 1 0
github.com/floatpane/matcha/sender/sender.go:616.9,619.4 1 0
github.com/floatpane/matcha/sender/sender.go:621.3,622.17 2 0
github.com/floatpane/matcha/sender/sender.go:622.17,624.4 1 0
github.com/floatpane/matcha/sender/sender.go:626.3,627.23 2 0
github.com/floatpane/matcha/sender/sender.go:631.2,646.21 7 0
github.com/floatpane/matcha/sender/sender.go:646.21,648.17 2 0
github.com/floatpane/matcha/sender/sender.go:648.17,650.4 1 0
github.com/floatpane/matcha/sender/sender.go:651.3,652.17 2 0
github.com/floatpane/matcha/sender/sender.go:652.17,655.4 2 0
github.com/floatpane/matcha/sender/sender.go:656.8,659.17 3 0
github.com/floatpane/matcha/sender/sender.go:659.17,661.4 1 0
github.com/floatpane/matcha/sender/sender.go:663.2,665.44 2 0
github.com/floatpane/matcha/sender/sender.go:665.44,667.3 1 0
github.com/floatpane/matcha/sender/sender.go:670.2,670.21 1 0
github.com/floatpane/matcha/sender/sender.go:670.21,671.43 1 0
github.com/floatpane/matcha/sender/sender.go:671.43,672.47 1 0
github.com/floatpane/matcha/sender/sender.go:672.47,674.5 1 0
github.com/floatpane/matcha/sender/sender.go:680.2,680.42 1 0
github.com/floatpane/matcha/sender/sender.go:680.42,683.25 2 0
github.com/floatpane/matcha/sender/sender.go:683.25,686.23 2 0
github.com/floatpane/matcha/sender/sender.go:686.23,688.5 1 0
github.com/floatpane/matcha/sender/sender.go:689.4,689.69 1 0
github.com/floatpane/matcha/sender/sender.go:690.9,690.49 1 0
github.com/floatpane/matcha/sender/sender.go:690.49,692.4 1 0
github.com/floatpane/matcha/sender/sender.go:692.9,692.49 1 0
github.com/floatpane/matcha/sender/sender.go:692.49,694.4 1 0
github.com/floatpane/matcha/sender/sender.go:694.9,697.4 1 0
github.com/floatpane/matcha/sender/sender.go:698.3,698.17 1 0
github.com/floatpane/matcha/sender/sender.go:698.17,700.4 1 0
github.com/floatpane/matcha/sender/sender.go:704.2,704.55 1 0
github.com/floatpane/matcha/sender/sender.go:704.55,706.3 1 0
github.com/floatpane/matcha/sender/sender.go:707.2,707.34 1 0
github.com/floatpane/matcha/sender/sender.go:707.34,708.34 1 0
github.com/floatpane/matcha/sender/sender.go:708.34,710.4 1 0
github.com/floatpane/matcha/sender/sender.go:714.2,715.16 2 0
github.com/floatpane/matcha/sender/sender.go:715.16,717.3 1 0
github.com/floatpane/matcha/sender/sender.go:718.2,719.16 2 0
github.com/floatpane/matcha/sender/sender.go:719.16,721.3 1 0
github.com/floatpane/matcha/sender/sender.go:722.2,723.16 2 0
github.com/floatpane/matcha/sender/sender.go:723.16,725.3 1 0
github.com/floatpane/matcha/sender/sender.go:727.2,730.33 3 0
github.com/floatpane/matcha/sender/sender.go:730.33,732.3 1 0
github.com/floatpane/matcha/sender/sender.go:734.2,734.20 1 0
github.com/floatpane/matcha/sender/sender.go:741.160,745.22 3 0
github.com/floatpane/matcha/sender/sender.go:745.22,747.3 1 0
github.com/floatpane/matcha/sender/sender.go:749.2,764.21 11 0
github.com/floatpane/matcha/sender/sender.go:764.21,766.26 2 0
github.com/floatpane/matcha/sender/sender.go:766.26,768.4 1 0
github.com/floatpane/matcha/sender/sender.go:768.9,770.4 1 0
github.com/floatpane/matcha/sender/sender.go:777.2,789.16 9 0
github.com/floatpane/matcha/sender/sender.go:789.16,791.3 1 0
github.com/floatpane/matcha/sender/sender.go:794.2,798.16 5 0
github.com/floatpane/matcha/sender/sender.go:798.16,800.3 1 0
github.com/floatpane/matcha/sender/sender.go:801.2,810.16 8 0
github.com/floatpane/matcha/sender/sender.go:810.16,812.3 1 0
github.com/floatpane/matcha/sender/sender.go:813.2,824.16 9 0
github.com/floatpane/matcha/sender/sender.go:824.16,826.3 1 0
github.com/floatpane/matcha/sender/sender.go:827.2,841.21 7 0
github.com/floatpane/matcha/sender/sender.go:841.21,843.17 2 0
github.com/floatpane/matcha/sender/sender.go:843.17,845.4 1 0
github.com/floatpane/matcha/sender/sender.go:846.3,847.17 2 0
github.com/floatpane/matcha/sender/sender.go:847.17,850.4 2 0
github.com/floatpane/matcha/sender/sender.go:851.8,854.17 3 0
github.com/floatpane/matcha/sender/sender.go:854.17,856.4 1 0
github.com/floatpane/matcha/sender/sender.go:858.2,860.44 2 0
github.com/floatpane/matcha/sender/sender.go:860.44,862.3 1 0
github.com/floatpane/matcha/sender/sender.go:864.2,864.21 1 0
github.com/floatpane/matcha/sender/sender.go:864.21,865.43 1 0
github.com/floatpane/matcha/sender/sender.go:865.43,866.47 1 0
github.com/floatpane/matcha/sender/sender.go:866.47,868.5 1 0
github.com/floatpane/matcha/sender/sender.go:872.2,872.42 1 0
github.com/floatpane/matcha/sender/sender.go:872.42,874.25 2 0
github.com/floatpane/matcha/sender/sender.go:874.25,876.23 2 0
github.com/floatpane/matcha/sender/sender.go:876.23,878.5 1 0
github.com/floatpane/matcha/sender/sender.go:879.4,879.69 1 0
github.com/floatpane/matcha/sender/sender.go:880.9,880.49 1 0
github.com/floatpane/matcha/sender/sender.go:880.49,882.4 1 0
github.com/floatpane/matcha/sender/sender.go:882.9,882.49 1 0
github.com/floatpane/matcha/sender/sender.go:882.49,884.4 1 0
github.com/floatpane/matcha/sender/sender.go:884.9,886.4 1 0
github.com/floatpane/matcha/sender/sender.go:887.3,887.17 1 0
github.com/floatpane/matcha/sender/sender.go:887.17,889.4 1 0
github.com/floatpane/matcha/sender/sender.go:892.2,892.55 1 0
github.com/floatpane/matcha/sender/sender.go:892.55,894.3 1 0
github.com/floatpane/matcha/sender/sender.go:895.2,895.23 1 0
github.com/floatpane/matcha/sender/sender.go:895.23,896.34 1 0
github.com/floatpane/matcha/sender/sender.go:896.34,898.4 1 0
github.com/floatpane/matcha/sender/sender.go:901.2,902.16 2 0
github.com/floatpane/matcha/sender/sender.go:902.16,904.3 1 0
github.com/floatpane/matcha/sender/sender.go:905.2,906.16 2 0
github.com/floatpane/matcha/sender/sender.go:906.16,908.3 1 0
github.com/floatpane/matcha/sender/sender.go:909.2,910.16 2 0
github.com/floatpane/matcha/sender/sender.go:910.16,912.3 1 0
github.com/floatpane/matcha/sender/sender.go:914.2,917.33 3 0
github.com/floatpane/matcha/sender/sender.go:917.33,919.3 1 0
github.com/floatpane/matcha/sender/sender.go:921.2,921.20 1 0
github.com/floatpane/matcha/sender/sender.go:926.76,928.39 1 0
github.com/floatpane/matcha/sender/sender.go:928.39,930.3 1 0
github.com/floatpane/matcha/sender/sender.go:933.2,933.33 1 0
github.com/floatpane/matcha/sender/sender.go:933.33,935.3 1 0
github.com/floatpane/matcha/sender/sender.go:938.2,939.16 2 0
github.com/floatpane/matcha/sender/sender.go:939.16,941.3 1 0
github.com/floatpane/matcha/sender/sender.go:944.2,945.16 2 0
github.com/floatpane/matcha/sender/sender.go:945.16,948.17 2 0
github.com/floatpane/matcha/sender/sender.go:948.17,950.4 1 0
github.com/floatpane/matcha/sender/sender.go:953.2,953.26 1 0
github.com/floatpane/matcha/sender/sender.go:953.26,955.3 1 0
github.com/floatpane/matcha/sender/sender.go:958.2,959.61 2 0
github.com/floatpane/matcha/sender/sender.go:959.61,961.63 2 0
github.com/floatpane/matcha/sender/sender.go:961.63,963.4 1 0
github.com/floatpane/matcha/sender/sender.go:970.2,972.63 3 0
github.com/floatpane/matcha/sender/sender.go:972.63,977.65 4 0
github.com/floatpane/matcha/sender/sender.go:977.65,978.22 1 0
github.com/floatpane/matcha/sender/sender.go:978.22,979.13 1 0
github.com/floatpane/matcha/sender/sender.go:981.4,982.23 2 0
github.com/floatpane/matcha/sender/sender.go:982.23,983.13 1 0
github.com/floatpane/matcha/sender/sender.go:985.4,988.71 4 0
github.com/floatpane/matcha/sender/sender.go:988.71,992.5 2 0
github.com/floatpane/matcha/sender/sender.go:992.10,995.5 1 0
github.com/floatpane/matcha/sender/sender.go:999.3,1001.39 3 0
github.com/floatpane/matcha/sender/sender.go:1002.8,1004.3 1 0
github.com/floatpane/matcha/sender/sender.go:1007.2,1010.16 3 0
github.com/floatpane/matcha/sender/sender.go:1010.16,1012.3 1 0
github.com/floatpane/matcha/sender/sender.go:1015.2,1015.49 1 0
github.com/floatpane/matcha/sender/sender.go:1015.49,1017.3 1 0
github.com/floatpane/matcha/sender/sender.go:1019.2,1019.35 1 0
github.com/floatpane/matcha/sender/sender.go:1019.35,1021.3 1 0
github.com/floatpane/matcha/sender/sender.go:1023.2,1023.28 1 0
github.com/floatpane/matcha/sender/sender.go:1027.87,1030.15 2 0
github.com/floatpane/matcha/sender/sender.go:1030.15,1032.3 1 0
github.com/floatpane/matcha/sender/sender.go:1034.2,1034.32 1 0
github.com/floatpane/matcha/sender/sender.go:1034.32,1036.3 1 0
github.com/floatpane/matcha/sender/sender.go:1039.2,1040.16 2 0
github.com/floatpane/matcha/sender/sender.go:1040.16,1042.3 1 0
github.com/floatpane/matcha/sender/sender.go:1043.2,1043.20 1 0
github.com/floatpane/matcha/sender/sender.go:1047.100,1051.16 3 0
github.com/floatpane/matcha/sender/sender.go:1051.16,1053.3 1 0
github.com/floatpane/matcha/sender/sender.go:1054.2,1057.39 2 0
github.com/floatpane/matcha/sender/sender.go:1057.39,1060.35 2 0
github.com/floatpane/matcha/sender/sender.go:1060.35,1062.23 2 0
github.com/floatpane/matcha/sender/sender.go:1062.23,1064.5 1 0
github.com/floatpane/matcha/sender/sender.go:1068.3,1071.17 4 0
github.com/floatpane/matcha/sender/sender.go:1071.17,1074.18 3 0
github.com/floatpane/matcha/sender/sender.go:1074.18,1076.5 1 0
github.com/floatpane/matcha/sender/sender.go:1080.3,1081.17 2 0
github.com/floatpane/matcha/sender/sender.go:1081.17,1084.18 2 0
github.com/floatpane/matcha/sender/sender.go:1084.18,1086.5 1 0
github.com/floatpane/matcha/sender/sender.go:1089.3,1089.24 1 0
github.com/floatpane/matcha/sender/sender.go:1089.24,1091.4 1 0
github.com/floatpane/matcha/sender/sender.go:1095.2,1095.32 1 0
github.com/floatpane/matcha/sender/sender.go:1095.32,1097.17 2 0
github.com/floatpane/matcha/sender/sender.go:1097.17,1099.23 2 0
github.com/floatpane/matcha/sender/sender.go:1099.23,1101.5 1 0
github.com/floatpane/matcha/sender/sender.go:1102.4,1102.44 1 0
github.com/floatpane/matcha/sender/sender.go:1102.44,1104.5 1 0
github.com/floatpane/matcha/sender/sender.go:1108.2,1108.26 1 0
github.com/floatpane/matcha/sender/sender.go:1108.26,1110.3 1 0
github.com/floatpane/matcha/sender/sender.go:1113.2,1119.16 4 0
github.com/floatpane/matcha/sender/sender.go:1119.16,1121.3 1 0
github.com/floatpane/matcha/sender/sender.go:1123.2,1123.45 1 0
github.com/floatpane/matcha/sender/sender.go:1123.45,1125.3 1 0
github.com/floatpane/matcha/sender/sender.go:1127.2,1127.35 1 0
github.com/floatpane/matcha/sender/sender.go:1127.35,1129.3 1 0
github.com/floatpane/matcha/sender/sender.go:1131.2,1131.31 1 0
github.com/floatpane/matcha/view/html.go:20.33,22.2 1 1
github.com/floatpane/matcha/view/html.go:27.32,33.25 3 1
github.com/floatpane/matcha/view/html.go:33.25,34.60 1 1
github.com/floatpane/matcha/view/html.go:34.60,36.4 1 0
github.com/floatpane/matcha/view/html.go:40.2,40.49 1 1
github.com/floatpane/matcha/view/html.go:40.49,42.71 2 1
github.com/floatpane/matcha/view/html.go:42.71,44.4 1 1
github.com/floatpane/matcha/view/html.go:47.2,48.26 2 0
github.com/floatpane/matcha/view/html.go:52.32,66.43 3 1
github.com/floatpane/matcha/view/html.go:66.43,67.40 1 1
github.com/floatpane/matcha/view/html.go:67.40,69.4 1 1
github.com/floatpane/matcha/view/html.go:73.2,82.46 3 1
github.com/floatpane/matcha/view/html.go:82.46,83.47 1 1
github.com/floatpane/matcha/view/html.go:83.47,85.4 1 1
github.com/floatpane/matcha/view/html.go:89.2,89.36 1 1
github.com/floatpane/matcha/view/html.go:89.36,91.3 1 1
github.com/floatpane/matcha/view/html.go:94.2,97.33 1 1
github.com/floatpane/matcha/view/html.go:97.33,99.3 1 1
github.com/floatpane/matcha/view/html.go:101.2,101.14 1 1
github.com/floatpane/matcha/view/html.go:105.41,106.16 1 1
github.com/floatpane/matcha/view/html.go:106.16,108.3 1 0
github.com/floatpane/matcha/view/html.go:110.2,112.15 2 1
github.com/floatpane/matcha/view/html.go:112.15,115.3 1 1
github.com/floatpane/matcha/view/html.go:115.8,117.18 1 1
github.com/floatpane/matcha/view/html.go:117.18,119.4 1 0
github.com/floatpane/matcha/view/html.go:120.3,120.83 1 1
github.com/floatpane/matcha/view/html.go:124.54,127.16 3 1
github.com/floatpane/matcha/view/html.go:127.16,129.3 1 0
github.com/floatpane/matcha/view/html.go:130.2,130.26 1 1
github.com/floatpane/matcha/view/html.go:134.39,136.2 1 1
github.com/floatpane/matcha/view/html.go:138.28,140.37 2 1
github.com/floatpane/matcha/view/html.go:140.37,142.3 1 1
github.com/floatpane/matcha/view/html.go:143.2,143.43 1 1
github.com/floatpane/matcha/view/html.go:146.30,149.39 2 1
github.com/floatpane/matcha/view/html.go:149.39,151.3 1 1
github.com/floatpane/matcha/view/html.go:154.2,154.44 1 1
github.com/floatpane/matcha/view/html.go:154.44,156.3 1 1
github.com/floatpane/matcha/view/html.go:159.2,159.49 1 1
github.com/floatpane/matcha/view/html.go:162.29,164.32 2 1
github.com/floatpane/matcha/view/html.go:164.32,166.3 1 1
github.com/floatpane/matcha/view/html.go:169.2,169.77 1 1
github.com/floatpane/matcha/view/html.go:169.77,171.3 1 0
github.com/floatpane/matcha/view/html.go:173.2,173.14 1 1
github.com/floatpane/matcha/view/html.go:176.30,178.85 1 1
github.com/floatpane/matcha/view/html.go:178.85,180.3 1 1
github.com/floatpane/matcha/view/html.go:182.2,183.30 2 1
github.com/floatpane/matcha/view/html.go:183.30,185.3 1 0
github.com/floatpane/matcha/view/html.go:187.2,188.39 2 1
github.com/floatpane/matcha/view/html.go:188.39,190.3 1 0
github.com/floatpane/matcha/view/html.go:192.2,192.14 1 1
github.com/floatpane/matcha/view/html.go:195.28,197.37 2 1
github.com/floatpane/matcha/view/html.go:197.37,199.3 1 0
github.com/floatpane/matcha/view/html.go:201.2,202.28 2 1
github.com/floatpane/matcha/view/html.go:202.28,204.3 1 0
github.com/floatpane/matcha/view/html.go:206.2,206.14 1 1
github.com/floatpane/matcha/view/html.go:209.27,211.27 2 1
github.com/floatpane/matcha/view/html.go:211.27,213.3 1 0
github.com/floatpane/matcha/view/html.go:216.2,216.112 1 1
github.com/floatpane/matcha/view/html.go:216.112,218.3 1 0
github.com/floatpane/matcha/view/html.go:220.2,220.14 1 1
github.com/floatpane/matcha/view/html.go:223.30,225.83 1 1
github.com/floatpane/matcha/view/html.go:225.83,227.3 1 0
github.com/floatpane/matcha/view/html.go:229.2,230.30 2 1
github.com/floatpane/matcha/view/html.go:230.30,232.3 1 0
github.com/floatpane/matcha/view/html.go:234.2,234.14 1 1
github.com/floatpane/matcha/view/html.go:238.36,240.2 1 0
github.com/floatpane/matcha/view/html.go:243.36,246.2 1 1
github.com/floatpane/matcha/view/html.go:248.61,249.86 1 1
github.com/floatpane/matcha/view/html.go:249.86,251.3 1 1
github.com/floatpane/matcha/view/html.go:252.2,254.63 3 0
github.com/floatpane/matcha/view/html.go:254.63,255.89 1 0
github.com/floatpane/matcha/view/html.go:255.89,258.4 2 0
github.com/floatpane/matcha/view/html.go:259.8,259.61 1 0
github.com/floatpane/matcha/view/html.go:259.61,260.89 1 0
github.com/floatpane/matcha/view/html.go:260.89,263.4 2 0
github.com/floatpane/matcha/view/html.go:272.13,274.16 2 1
github.com/floatpane/matcha/view/html.go:274.16,275.13 1 0
github.com/floatpane/matcha/view/html.go:277.2,277.22 1 1
github.com/floatpane/matcha/view/html.go:284.28,288.2 3 0
github.com/floatpane/matcha/view/html.go:290.43,291.79 1 1
github.com/floatpane/matcha/view/html.go:291.79,293.3 1 0
github.com/floatpane/matcha/view/html.go:296.2,296.49 1 1
github.com/floatpane/matcha/view/html.go:296.49,299.3 2 0
github.com/floatpane/matcha/view/html.go:301.2,303.16 3 1
github.com/floatpane/matcha/view/html.go:303.16,306.3 2 1
github.com/floatpane/matcha/view/html.go:307.2,308.53 2 0
github.com/floatpane/matcha/view/html.go:308.53,311.3 2 0
github.com/floatpane/matcha/view/html.go:314.2,316.16 3 0
github.com/floatpane/matcha/view/html.go:316.16,319.3 2 0
github.com/floatpane/matcha/view/html.go:321.2,322.9 2 0
github.com/floatpane/matcha/view/html.go:322.9,325.3 2 0
github.com/floatpane/matcha/view/html.go:327.2,330.16 4 0
github.com/floatpane/matcha/view/html.go:333.39,334.38 1 1
github.com/floatpane/matcha/view/html.go:334.38,336.3 1 0
github.com/floatpane/matcha/view/html.go:337.2,338.40 2 1
github.com/floatpane/matcha/view/html.go:338.40,340.3 1 0
github.com/floatpane/matcha/view/html.go:341.2,341.22 1 1
github.com/floatpane/matcha/view/html.go:350.46,351.19 1 0
github.com/floatpane/matcha/view/html.go:351.19,353.3 1 0
github.com/floatpane/matcha/view/html.go:355.2,360.71 4 0
github.com/floatpane/matcha/view/html.go:360.71,361.49 1 0
github.com/floatpane/matcha/view/html.go:361.49,364.16 3 0
github.com/floatpane/matcha/view/html.go:364.16,366.5 1 0
github.com/floatpane/matcha/view/html.go:367.4,367.111 1 0
github.com/floatpane/matcha/view/html.go:371.2,371.62 1 0
github.com/floatpane/matcha/view/html.go:371.62,373.25 2 0
github.com/floatpane/matcha/view/html.go:373.25,375.4 1 0
github.com/floatpane/matcha/view/html.go:376.3,377.25 2 0
github.com/floatpane/matcha/view/html.go:377.25,379.4 1 0
github.com/floatpane/matcha/view/html.go:381.3,382.18 2 0
github.com/floatpane/matcha/view/html.go:382.18,386.4 1 0
github.com/floatpane/matcha/view/html.go:386.9,388.4 1 0
github.com/floatpane/matcha/view/html.go:393.2,395.19 2 0
github.com/floatpane/matcha/view/html.go:399.47,400.19 1 0
github.com/floatpane/matcha/view/html.go:400.19,402.3 1 0
github.com/floatpane/matcha/view/html.go:405.2,406.71 2 0
github.com/floatpane/matcha/view/html.go:406.71,407.49 1 0
github.com/floatpane/matcha/view/html.go:407.49,410.16 3 0
github.com/floatpane/matcha/view/html.go:410.16,412.5 1 0
github.com/floatpane/matcha/view/html.go:413.4,413.111 1 0
github.com/floatpane/matcha/view/html.go:418.2,423.15 3 0
github.com/floatpane/matcha/view/html.go:427.47,428.19 1 0
github.com/floatpane/matcha/view/html.go:428.19,430.3 1 0
github.com/floatpane/matcha/view/html.go:432.2,432.108 1 0
github.com/floatpane/matcha/view/html.go:432.108,435.3 1 0
github.com/floatpane/matcha/view/html.go:435.8,435.49 1 0
github.com/floatpane/matcha/view/html.go:435.49,438.3 1 0
github.com/floatpane/matcha/view/html.go:440.2,440.11 1 0
github.com/floatpane/matcha/view/html.go:444.36,446.71 2 1
github.com/floatpane/matcha/view/html.go:446.71,447.49 1 1
github.com/floatpane/matcha/view/html.go:447.49,450.16 3 1
github.com/floatpane/matcha/view/html.go:450.16,452.5 1 0
github.com/floatpane/matcha/view/html.go:453.4,453.111 1 1
github.com/floatpane/matcha/view/html.go:456.2,456.13 1 1
github.com/floatpane/matcha/view/html.go:462.50,463.19 1 0
github.com/floatpane/matcha/view/html.go:463.19,465.3 1 0
github.com/floatpane/matcha/view/html.go:467.2,468.62 2 0
github.com/floatpane/matcha/view/html.go:468.62,470.25 2 0
github.com/floatpane/matcha/view/html.go:470.25,472.4 1 0
github.com/floatpane/matcha/view/html.go:473.3,474.25 2 0
github.com/floatpane/matcha/view/html.go:474.25,476.4 1 0
github.com/floatpane/matcha/view/html.go:478.3,479.18 2 0
github.com/floatpane/matcha/view/html.go:479.18,483.4 1 0
github.com/floatpane/matcha/view/html.go:483.9,485.4 1 0
github.com/floatpane/matcha/view/html.go:487.2,487.18 1 0
github.com/floatpane/matcha/view/html.go:492.42,496.2 1 0
github.com/floatpane/matcha/view/html.go:500.51,501.19 1 0
github.com/floatpane/matcha/view/html.go:501.19,503.3 1 0
github.com/floatpane/matcha/view/html.go:504.2,504.63 1 0
github.com/floatpane/matcha/view/html.go:513.68,514.28 1 0
github.com/floatpane/matcha/view/html.go:514.28,516.3 1 0
github.com/floatpane/matcha/view/html.go:518.2,521.14 3 0
github.com/floatpane/matcha/view/html.go:521.14,523.26 1 0
github.com/floatpane/matcha/view/html.go:523.26,527.4 3 0
github.com/floatpane/matcha/view/html.go:528.3,530.19 3 0
github.com/floatpane/matcha/view/html.go:531.8,531.22 1 0
github.com/floatpane/matcha/view/html.go:531.22,535.3 3 0
github.com/floatpane/matcha/view/html.go:539.53,541.65 2 1
github.com/floatpane/matcha/view/html.go:541.65,546.72 4 1
github.com/floatpane/matcha/view/html.go:546.72,548.4 1 0
github.com/floatpane/matcha/view/html.go:550.3,550.36 1 1
github.com/floatpane/matcha/view/html.go:572.164,574.29 2 0
github.com/floatpane/matcha/view/html.go:574.29,579.36 5 0
github.com/floatpane/matcha/view/html.go:579.36,580.12 1 0
github.com/floatpane/matcha/view/html.go:582.3,582.30 1 0
github.com/floatpane/matcha/view/html.go:584.2,584.84 1 0
github.com/floatpane/matcha/view/html.go:589.132,591.2 1 1
github.com/floatpane/matcha/view/html.go:593.158,595.16 2 1
github.com/floatpane/matcha/view/html.go:595.16,597.3 1 0
github.com/floatpane/matcha/view/html.go:599.2,603.9 3 1
github.com/floatpane/matcha/view/html.go:603.9,605.3 1 0
github.com/floatpane/matcha/view/html.go:608.2,618.32 5 1
github.com/floatpane/matcha/view/html.go:618.32,619.20 1 1
github.com/floatpane/matcha/view/html.go:620.23,621.31 1 1
github.com/floatpane/matcha/view/html.go:623.21,625.28 2 1
github.com/floatpane/matcha/view/html.go:627.21,629.28 2 0
github.com/floatpane/matcha/view/html.go:631.23,632.54 1 1
github.com/floatpane/matcha/view/html.go:634.24,638.50 3 1
github.com/floatpane/matcha/view/html.go:638.50,640.46 2 1
github.com/floatpane/matcha/view/html.go:640.46,642.6 1 1
github.com/floatpane/matcha/view/html.go:642.11,642.46 1 1
github.com/floatpane/matcha/view/html.go:642.46,645.23 3 0
github.com/floatpane/matcha/view/html.go:645.23,648.7 2 0
github.com/floatpane/matcha/view/html.go:648.12,650.7 1 0
github.com/floatpane/matcha/view/html.go:651.11,651.87 1 1
github.com/floatpane/matcha/view/html.go:651.87,653.6 1 1
github.com/floatpane/matcha/view/html.go:655.5,655.22 1 1
github.com/floatpane/matcha/view/html.go:655.22,669.14 8 1
github.com/floatpane/matcha/view/html.go:671.5,671.53 1 1
github.com/floatpane/matcha/view/html.go:673.4,673.28 1 1
github.com/floatpane/matcha/view/html.go:673.28,675.5 1 1
github.com/floatpane/matcha/view/html.go:675.10,677.5 1 1
github.com/floatpane/matcha/view/html.go:679.24,681.24 2 0
github.com/floatpane/matcha/view/html.go:681.24,683.5 1 0
github.com/floatpane/matcha/view/html.go:684.4,686.26 3 0
github.com/floatpane/matcha/view/html.go:688.29,693.76 4 0
github.com/floatpane/matcha/view/html.go:693.76,696.5 2 0
github.com/floatpane/matcha/view/html.go:696.10,696.79 1 0
github.com/floatpane/matcha/view/html.go:696.79,699.5 2 0
github.com/floatpane/matcha/view/html.go:701.4,701.80 1 0
github.com/floatpane/matcha/view/html.go:705.2,716.28 6 1
github.com/floatpane/matcha/view/html.go:716.28,719.36 3 1
github.com/floatpane/matcha/view/html.go:719.36,720.74 1 1
github.com/floatpane/matcha/view/html.go:720.74,723.38 3 1
github.com/floatpane/matcha/view/html.go:723.38,724.25 1 1
github.com/floatpane/matcha/view/html.go:724.25,730.12 2 1
github.com/floatpane/matcha/view/html.go:737.3,737.55 1 1
github.com/floatpane/matcha/view/html.go:741.2,743.50 2 1
github.com/floatpane/matcha/view/html.go:746.40,748.2 1 0
github.com/floatpane/matcha/view/html.go:750.40,752.2 1 0
github.com/floatpane/matcha/view/html.go:757.54,759.20 2 0
github.com/floatpane/matcha/view/html.go:759.20,761.3 1 0
github.com/floatpane/matcha/view/html.go:764.2,766.27 3 0
github.com/floatpane/matcha/view/html.go:766.27,769.27 3 0
github.com/floatpane/matcha/view/html.go:769.27,771.4 1 0
github.com/floatpane/matcha/view/html.go:772.3,773.29 2 0
github.com/floatpane/matcha/view/html.go:773.29,775.4 1 0
github.com/floatpane/matcha/view/html.go:779.2,779.22 1 0
github.com/floatpane/matcha/view/html.go:779.22,780.30 1 0
github.com/floatpane/matcha/view/html.go:780.30,782.4 1 0
github.com/floatpane/matcha/view/html.go:786.2,787.27 2 0
github.com/floatpane/matcha/view/html.go:787.27,788.28 1 0
github.com/floatpane/matcha/view/html.go:788.28,789.32 1 0
github.com/floatpane/matcha/view/html.go:789.32,791.5 1 0
github.com/floatpane/matcha/view/html.go:796.2,796.27 1 0
github.com/floatpane/matcha/view/html.go:796.27,797.23 1 0
github.com/floatpane/matcha/view/html.go:797.23,799.4 1 0
github.com/floatpane/matcha/view/html.go:802.2,806.60 3 0
github.com/floatpane/matcha/view/html.go:806.60,809.31 3 0
github.com/floatpane/matcha/view/html.go:809.31,811.28 2 0
github.com/floatpane/matcha/view/html.go:811.28,813.5 1 0
github.com/floatpane/matcha/view/html.go:815.3,816.20 2 0
github.com/floatpane/matcha/view/html.go:819.2,827.27 7 0
github.com/floatpane/matcha/view/html.go:827.27,829.28 2 0
github.com/floatpane/matcha/view/html.go:829.28,831.22 2 0
github.com/floatpane/matcha/view/html.go:831.22,833.5 1 0
github.com/floatpane/matcha/view/html.go:833.10,835.5 1 0
github.com/floatpane/matcha/view/html.go:836.4,836.37 1 0
github.com/floatpane/matcha/view/html.go:838.3,840.64 2 0
github.com/floatpane/matcha/view/html.go:840.64,843.4 2 0
github.com/floatpane/matcha/view/html.go:846.2,847.21 2 0
github.com/floatpane/matcha/view/html.go:850.37,856.2 1 0
github.com/floatpane/matcha/view/html.go:858.40,861.2 1 0
github.com/floatpane/matcha/view/html.go:864.45,875.34 7 1
github.com/floatpane/matcha/view/html.go:875.34,880.78 3 1
github.com/floatpane/matcha/view/html.go:880.78,882.38 1 0
github.com/floatpane/matcha/view/html.go:882.38,885.5 2 0
github.com/floatpane/matcha/view/html.go:888.4,892.12 5 0
github.com/floatpane/matcha/view/html.go:896.3,896.42 1 1
github.com/floatpane/matcha/view/html.go:896.42,897.16 1 0
github.com/floatpane/matcha/view/html.go:897.16,902.5 3 0
github.com/floatpane/matcha/view/html.go:904.4,906.50 3 0
github.com/floatpane/matcha/view/html.go:907.9,907.21 1 1
github.com/floatpane/matcha/view/html.go:907.21,909.102 1 0
github.com/floatpane/matcha/view/html.go:909.102,912.5 1 0
github.com/floatpane/matcha/view/html.go:912.10,912.56 1 0
github.com/floatpane/matcha/view/html.go:912.56,914.13 1 0
github.com/floatpane/matcha/view/html.go:915.10,917.28 1 0
github.com/floatpane/matcha/view/html.go:917.28,920.6 2 0
github.com/floatpane/matcha/view/html.go:921.5,924.34 4 0
github.com/floatpane/matcha/view/html.go:926.9,928.4 1 1
github.com/floatpane/matcha/view/html.go:932.2,932.36 1 1
github.com/floatpane/matcha/view/html.go:932.36,934.3 1 0
github.com/floatpane/matcha/view/html.go:936.2,936.35 1 1
github.com/floatpane/matcha/view/html.go:940.49,957.33 2 0
github.com/floatpane/matcha/view/html.go:957.33,958.56 1 0
github.com/floatpane/matcha/view/html.go:958.56,960.4 1 0
github.com/floatpane/matcha/view/html.go:964.2,964.16 1 0
github.com/floatpane/matcha/view/html.go:968.63,971.30 2 0
github.com/floatpane/matcha/view/html.go:971.30,972.31 1 0
github.com/floatpane/matcha/view/html.go:972.31,974.4 1 0
github.com/floatpane/matcha/view/html.go:974.9,974.24 1 0
github.com/floatpane/matcha/view/html.go:974.24,976.4 1 0
github.com/floatpane/matcha/view/html.go:976.9,978.4 1 0
github.com/floatpane/matcha/view/html.go:982.2,986.18 3 0
github.com/floatpane/matcha/view/html.go:986.18,988.3 1 0
github.com/floatpane/matcha/view/html.go:988.8,990.3 1 0
github.com/floatpane/matcha/view/html.go:992.2,992.43 1 0
github.com/floatpane/matcha/view/terminal_unix.go:9.38,11.16 2 1
github.com/floatpane/matcha/view/terminal_unix.go:11.16,13.3 1 1
github.com/floatpane/matcha/view/terminal_unix.go:18.2,18.33 1 1
github.com/floatpane/matcha/view/terminal_unix.go:18.33,20.21 2 1
github.com/floatpane/matcha/view/terminal_unix.go:20.21,23.4 2 1
github.com/floatpane/matcha/view/terminal_unix.go:27.2,27.34 1 0
github.com/floatpane/matcha/view/terminal_unix.go:27.34,29.3 1 0
github.com/floatpane/matcha/view/terminal_unix.go:31.2,31.10 1 0
github.com/floatpane/matcha/tui/choice.go:44.25,47.20 3 0
github.com/floatpane/matcha/tui/choice.go:47.20,49.3 1 0
github.com/floatpane/matcha/tui/choice.go:50.2,58.3 3 0
github.com/floatpane/matcha/tui/choice.go:62.32,64.2 1 0
github.com/floatpane/matcha/tui/choice.go:66.58,67.27 1 0
github.com/floatpane/matcha/tui/choice.go:68.25,71.16 3 0
github.com/floatpane/matcha/tui/choice.go:72.23,73.23 1 0
github.com/floatpane/matcha/tui/choice.go:74.18,75.20 1 0
github.com/floatpane/matcha/tui/choice.go:75.20,77.5 1 0
github.com/floatpane/matcha/tui/choice.go:78.20,79.35 1 0
github.com/floatpane/matcha/tui/choice.go:79.35,81.5 1 0
github.com/floatpane/matcha/tui/choice.go:82.16,84.26 2 0
github.com/floatpane/matcha/tui/choice.go:85.24,86.30 1 0
github.com/floatpane/matcha/tui/choice.go:86.30,86.55 1 0
github.com/floatpane/matcha/tui/choice.go:87.32,88.30 1 0
github.com/floatpane/matcha/tui/choice.go:88.30,88.54 1 0
github.com/floatpane/matcha/tui/choice.go:89.25,90.30 1 0
github.com/floatpane/matcha/tui/choice.go:90.30,90.56 1 0
github.com/floatpane/matcha/tui/choice.go:91.30,92.30 1 0
github.com/floatpane/matcha/tui/choice.go:92.30,92.61 1 0
github.com/floatpane/matcha/tui/choice.go:93.27,94.30 1 0
github.com/floatpane/matcha/tui/choice.go:94.30,94.58 1 0
github.com/floatpane/matcha/tui/choice.go:102.2,103.93 2 0
github.com/floatpane/matcha/tui/choice.go:103.93,107.48 4 0
github.com/floatpane/matcha/tui/choice.go:107.48,110.4 2 0
github.com/floatpane/matcha/tui/choice.go:111.3,111.48 1 0
github.com/floatpane/matcha/tui/choice.go:111.48,114.4 2 0
github.com/floatpane/matcha/tui/choice.go:115.3,115.14 1 0
github.com/floatpane/matcha/tui/choice.go:115.14,118.4 2 0
github.com/floatpane/matcha/tui/choice.go:121.2,121.15 1 0
github.com/floatpane/matcha/tui/choice.go:124.33,133.23 6 0
github.com/floatpane/matcha/tui/choice.go:133.23,136.16 3 0
github.com/floatpane/matcha/tui/choice.go:136.16,138.4 1 0
github.com/floatpane/matcha/tui/choice.go:139.3,141.24 3 0
github.com/floatpane/matcha/tui/choice.go:144.2,144.35 1 0
github.com/floatpane/matcha/tui/choice.go:144.35,145.20 1 0
github.com/floatpane/matcha/tui/choice.go:145.20,147.4 1 0
github.com/floatpane/matcha/tui/choice.go:147.9,149.4 1 0
github.com/floatpane/matcha/tui/choice.go:150.3,150.22 1 0
github.com/floatpane/matcha/tui/choice.go:153.2,156.18 3 0
github.com/floatpane/matcha/tui/choice.go:156.18,159.14 3 0
github.com/floatpane/matcha/tui/choice.go:159.14,161.4 1 0
github.com/floatpane/matcha/tui/choice.go:162.8,164.3 1 0
github.com/floatpane/matcha/tui/choice.go:166.2,166.61 1 0
github.com/floatpane/matcha/tui/composer.go:97.75,145.65 37 1
github.com/floatpane/matcha/tui/composer.go:145.65,147.3 1 0
github.com/floatpane/matcha/tui/composer.go:150.2,153.10 3 1
github.com/floatpane/matcha/tui/composer.go:157.134,162.31 3 1
github.com/floatpane/matcha/tui/composer.go:162.31,163.34 1 1
github.com/floatpane/matcha/tui/composer.go:163.34,165.9 2 1
github.com/floatpane/matcha/tui/composer.go:169.2,169.10 1 1
github.com/floatpane/matcha/tui/composer.go:173.40,175.2 1 0
github.com/floatpane/matcha/tui/composer.go:177.35,179.2 1 0
github.com/floatpane/matcha/tui/composer.go:181.44,182.67 1 1
github.com/floatpane/matcha/tui/composer.go:182.67,184.3 1 1
github.com/floatpane/matcha/tui/composer.go:185.2,185.11 1 1
github.com/floatpane/matcha/tui/composer.go:188.57,189.67 1 1
github.com/floatpane/matcha/tui/composer.go:189.67,191.3 1 1
github.com/floatpane/matcha/tui/composer.go:192.2,192.12 1 0
github.com/floatpane/matcha/tui/composer.go:195.61,199.27 3 1
github.com/floatpane/matcha/tui/composer.go:200.25,210.21 10 1
github.com/floatpane/matcha/tui/composer.go:210.21,215.21 3 1
github.com/floatpane/matcha/tui/composer.go:215.21,217.5 1 1
github.com/floatpane/matcha/tui/composer.go:218.4,220.22 3 1
github.com/floatpane/matcha/tui/composer.go:220.22,222.5 1 0
github.com/floatpane/matcha/tui/composer.go:223.4,223.21 1 1
github.com/floatpane/matcha/tui/composer.go:223.21,225.5 1 1
github.com/floatpane/matcha/tui/composer.go:226.4,227.41 2 1
github.com/floatpane/matcha/tui/composer.go:230.23,232.39 1 0
github.com/floatpane/matcha/tui/composer.go:232.39,233.21 1 0
github.com/floatpane/matcha/tui/composer.go:233.21,235.5 1 0
github.com/floatpane/matcha/tui/composer.go:237.3,238.16 2 0
github.com/floatpane/matcha/tui/composer.go:240.23,242.50 1 1
github.com/floatpane/matcha/tui/composer.go:242.50,243.24 1 0
github.com/floatpane/matcha/tui/composer.go:244.24,245.33 1 0
github.com/floatpane/matcha/tui/composer.go:245.33,247.6 1 0
github.com/floatpane/matcha/tui/composer.go:248.5,248.18 1 0
github.com/floatpane/matcha/tui/composer.go:249.26,250.52 1 0
github.com/floatpane/matcha/tui/composer.go:250.52,252.6 1 0
github.com/floatpane/matcha/tui/composer.go:253.5,253.18 1 0
github.com/floatpane/matcha/tui/composer.go:254.24,259.46 3 0
github.com/floatpane/matcha/tui/composer.go:259.46,262.6 1 0
github.com/floatpane/matcha/tui/composer.go:262.11,262.70 1 0
github.com/floatpane/matcha/tui/composer.go:262.70,264.6 1 0
github.com/floatpane/matcha/tui/composer.go:264.11,266.6 1 0
github.com/floatpane/matcha/tui/composer.go:268.5,269.23 2 0
github.com/floatpane/matcha/tui/composer.go:269.23,270.25 1 0
github.com/floatpane/matcha/tui/composer.go:270.25,272.7 1 0
github.com/floatpane/matcha/tui/composer.go:272.12,274.7 1 0
github.com/floatpane/matcha/tui/composer.go:275.11,277.6 1 0
github.com/floatpane/matcha/tui/composer.go:279.5,280.45 2 0
github.com/floatpane/matcha/tui/composer.go:280.45,282.6 1 0
github.com/floatpane/matcha/tui/composer.go:284.5,289.18 6 0
github.com/floatpane/matcha/tui/composer.go:290.15,293.18 3 0
github.com/floatpane/matcha/tui/composer.go:296.4,296.35 1 0
github.com/floatpane/matcha/tui/composer.go:296.35,299.5 2 0
github.com/floatpane/matcha/tui/composer.go:303.3,303.25 1 1
github.com/floatpane/matcha/tui/composer.go:303.25,304.24 1 0
github.com/floatpane/matcha/tui/composer.go:305.17,308.30 3 0
github.com/floatpane/matcha/tui/composer.go:308.30,308.76 1 0
github.com/floatpane/matcha/tui/composer.go:309.15,311.30 2 0
github.com/floatpane/matcha/tui/composer.go:311.30,311.64 1 0
github.com/floatpane/matcha/tui/composer.go:312.12,314.18 2 0
github.com/floatpane/matcha/tui/composer.go:319.3,319.26 1 1
github.com/floatpane/matcha/tui/composer.go:319.26,320.24 1 1
github.com/floatpane/matcha/tui/composer.go:321.19,322.33 1 0
github.com/floatpane/matcha/tui/composer.go:322.33,324.6 1 0
github.com/floatpane/matcha/tui/composer.go:325.21,326.49 1 1
github.com/floatpane/matcha/tui/composer.go:326.49,328.6 1 1
github.com/floatpane/matcha/tui/composer.go:329.17,330.32 1 1
github.com/floatpane/matcha/tui/composer.go:331.15,332.32 1 0
github.com/floatpane/matcha/tui/composer.go:334.4,334.17 1 1
github.com/floatpane/matcha/tui/composer.go:337.3,337.23 1 1
github.com/floatpane/matcha/tui/composer.go:337.23,338.24 1 0
github.com/floatpane/matcha/tui/composer.go:339.18,340.30 1 0
github.com/floatpane/matcha/tui/composer.go:340.30,340.74 1 0
github.com/floatpane/matcha/tui/composer.go:341.25,343.18 2 0
github.com/floatpane/matcha/tui/composer.go:344.12,345.18 1 0
github.com/floatpane/matcha/tui/composer.go:349.3,349.23 1 1
github.com/floatpane/matcha/tui/composer.go:350.17,351.22 1 0
github.com/floatpane/matcha/tui/composer.go:352.17,353.29 1 0
github.com/floatpane/matcha/tui/composer.go:353.29,353.55 1 0
github.com/floatpane/matcha/tui/composer.go:354.14,356.17 2 0
github.com/floatpane/matcha/tui/composer.go:358.27,359.35 1 1
github.com/floatpane/matcha/tui/composer.go:359.35,361.5 1 0
github.com/floatpane/matcha/tui/composer.go:361.10,363.5 1 1
github.com/floatpane/matcha/tui/composer.go:365.4,368.28 3 1
github.com/floatpane/matcha/tui/composer.go:368.28,370.5 1 1
github.com/floatpane/matcha/tui/composer.go:372.4,372.31 1 1
github.com/floatpane/matcha/tui/composer.go:372.31,374.5 1 1
github.com/floatpane/matcha/tui/composer.go:374.10,374.38 1 1
github.com/floatpane/matcha/tui/composer.go:374.38,376.5 1 0
github.com/floatpane/matcha/tui/composer.go:378.4,385.24 7 1
github.com/floatpane/matcha/tui/composer.go:386.17,387.43 1 1
github.com/floatpane/matcha/tui/composer.go:388.17,389.43 1 1
github.com/floatpane/matcha/tui/composer.go:390.18,391.44 1 1
github.com/floatpane/matcha/tui/composer.go:392.22,393.48 1 1
github.com/floatpane/matcha/tui/composer.go:394.19,395.45 1 1
github.com/floatpane/matcha/tui/composer.go:396.24,397.50 1 1
github.com/floatpane/matcha/tui/composer.go:399.4,399.32 1 1
github.com/floatpane/matcha/tui/composer.go:401.35,402.69 1 0
github.com/floatpane/matcha/tui/composer.go:402.69,405.5 2 0
github.com/floatpane/matcha/tui/composer.go:407.21,408.24 1 1
github.com/floatpane/matcha/tui/composer.go:409.19,410.55 1 1
github.com/floatpane/matcha/tui/composer.go:410.55,412.6 1 1
github.com/floatpane/matcha/tui/composer.go:413.5,413.18 1 1
github.com/floatpane/matcha/tui/composer.go:414.25,415.32 1 0
github.com/floatpane/matcha/tui/composer.go:415.32,416.31 1 0
github.com/floatpane/matcha/tui/composer.go:416.31,416.61 1 0
github.com/floatpane/matcha/tui/composer.go:418.27,419.55 1 0
github.com/floatpane/matcha/tui/composer.go:419.55,421.6 1 0
github.com/floatpane/matcha/tui/composer.go:422.5,422.18 1 0
github.com/floatpane/matcha/tui/composer.go:424.19,425.32 1 1
github.com/floatpane/matcha/tui/composer.go:425.32,428.20 3 1
github.com/floatpane/matcha/tui/composer.go:428.20,430.7 1 1
github.com/floatpane/matcha/tui/composer.go:431.6,431.31 1 1
github.com/floatpane/matcha/tui/composer.go:431.31,448.7 1 1
github.com/floatpane/matcha/tui/composer.go:454.2,454.22 1 1
github.com/floatpane/matcha/tui/composer.go:455.15,461.36 4 1
github.com/floatpane/matcha/tui/composer.go:461.36,468.26 4 0
github.com/floatpane/matcha/tui/composer.go:468.26,472.5 3 0
github.com/floatpane/matcha/tui/composer.go:472.10,475.5 2 0
github.com/floatpane/matcha/tui/composer.go:477.15,479.27 2 0
github.com/floatpane/matcha/tui/composer.go:480.16,482.27 2 0
github.com/floatpane/matcha/tui/composer.go:483.20,485.27 2 0
github.com/floatpane/matcha/tui/composer.go:486.17,488.27 2 0
github.com/floatpane/matcha/tui/composer.go:489.22,491.27 2 0
github.com/floatpane/matcha/tui/composer.go:494.2,494.30 1 1
github.com/floatpane/matcha/tui/composer.go:497.36,501.31 3 0
github.com/floatpane/matcha/tui/composer.go:501.31,503.3 1 0
github.com/floatpane/matcha/tui/composer.go:503.8,505.3 1 0
github.com/floatpane/matcha/tui/composer.go:508.2,510.25 3 0
github.com/floatpane/matcha/tui/composer.go:510.25,511.32 1 0
github.com/floatpane/matcha/tui/composer.go:511.32,513.4 1 0
github.com/floatpane/matcha/tui/composer.go:513.9,515.4 1 0
github.com/floatpane/matcha/tui/composer.go:516.8,516.27 1 0
github.com/floatpane/matcha/tui/composer.go:516.27,518.3 1 0
github.com/floatpane/matcha/tui/composer.go:518.8,520.3 1 0
github.com/floatpane/matcha/tui/composer.go:522.2,523.33 2 0
github.com/floatpane/matcha/tui/composer.go:523.33,525.38 2 0
github.com/floatpane/matcha/tui/composer.go:525.38,527.4 1 0
github.com/floatpane/matcha/tui/composer.go:527.9,529.4 1 0
github.com/floatpane/matcha/tui/composer.go:530.8,532.39 2 0
github.com/floatpane/matcha/tui/composer.go:532.39,534.4 1 0
github.com/floatpane/matcha/tui/composer.go:535.3,536.38 2 0
github.com/floatpane/matcha/tui/composer.go:536.38,538.4 1 0
github.com/floatpane/matcha/tui/composer.go:538.9,540.4 1 0
github.com/floatpane/matcha/tui/composer.go:543.2,544.20 2 0
github.com/floatpane/matcha/tui/composer.go:544.20,546.3 1 0
github.com/floatpane/matcha/tui/composer.go:547.2,548.39 2 0
github.com/floatpane/matcha/tui/composer.go:548.39,550.3 1 0
github.com/floatpane/matcha/tui/composer.go:553.2,554.49 2 0
github.com/floatpane/matcha/tui/composer.go:554.49,556.35 2 0
github.com/floatpane/matcha/tui/composer.go:556.35,558.41 2 0
github.com/floatpane/matcha/tui/composer.go:558.41,560.5 1 0
github.com/floatpane/matcha/tui/composer.go:561.4,561.33 1 0
github.com/floatpane/matcha/tui/composer.go:561.33,563.5 1 0
github.com/floatpane/matcha/tui/composer.go:563.10,565.5 1 0
github.com/floatpane/matcha/tui/composer.go:567.3,567.118 1 0
github.com/floatpane/matcha/tui/composer.go:571.2,572.36 2 0
github.com/floatpane/matcha/tui/composer.go:572.36,574.3 1 0
github.com/floatpane/matcha/tui/composer.go:574.8,576.3 1 0
github.com/floatpane/matcha/tui/composer.go:578.2,579.22 2 0
github.com/floatpane/matcha/tui/composer.go:580.17,581.43 1 0
github.com/floatpane/matcha/tui/composer.go:582.15,583.43 1 0
github.com/floatpane/matcha/tui/composer.go:584.15,585.34 1 0
github.com/floatpane/matcha/tui/composer.go:586.16,587.40 1 0
github.com/floatpane/matcha/tui/composer.go:588.20,589.42 1 0
github.com/floatpane/matcha/tui/composer.go:590.17,591.75 1 0
github.com/floatpane/matcha/tui/composer.go:592.22,593.79 1 0
github.com/floatpane/matcha/tui/composer.go:594.23,595.66 1 0
github.com/floatpane/matcha/tui/composer.go:596.25,597.70 1 0
github.com/floatpane/matcha/tui/composer.go:598.17,599.41 1 0
github.com/floatpane/matcha/tui/composer.go:602.2,618.30 2 0
github.com/floatpane/matcha/tui/composer.go:618.30,620.3 1 0
github.com/floatpane/matcha/tui/composer.go:622.2,624.41 3 0
github.com/floatpane/matcha/tui/composer.go:624.41,626.3 1 0
github.com/floatpane/matcha/tui/composer.go:627.2,627.26 1 0
github.com/floatpane/matcha/tui/composer.go:627.26,629.3 1 0
github.com/floatpane/matcha/tui/composer.go:630.2,632.18 2 0
github.com/floatpane/matcha/tui/composer.go:632.18,635.15 3 0
github.com/floatpane/matcha/tui/composer.go:635.15,637.4 1 0
github.com/floatpane/matcha/tui/composer.go:637.9,639.4 1 0
github.com/floatpane/matcha/tui/composer.go:640.8,642.3 1 0
github.com/floatpane/matcha/tui/composer.go:644.2,648.24 3 0
github.com/floatpane/matcha/tui/composer.go:648.24,659.3 2 0
github.com/floatpane/matcha/tui/composer.go:662.2,662.25 1 0
github.com/floatpane/matcha/tui/composer.go:662.25,665.34 3 0
github.com/floatpane/matcha/tui/composer.go:665.34,667.22 2 0
github.com/floatpane/matcha/tui/composer.go:667.22,669.5 1 0
github.com/floatpane/matcha/tui/composer.go:670.4,670.33 1 0
github.com/floatpane/matcha/tui/composer.go:670.33,672.5 1 0
github.com/floatpane/matcha/tui/composer.go:672.10,674.5 1 0
github.com/floatpane/matcha/tui/composer.go:675.4,675.33 1 0
github.com/floatpane/matcha/tui/composer.go:677.3,681.98 4 0
github.com/floatpane/matcha/tui/composer.go:684.2,684.22 1 0
github.com/floatpane/matcha/tui/composer.go:684.22,692.3 2 0
github.com/floatpane/matcha/tui/composer.go:694.2,694.43 1 0
github.com/floatpane/matcha/tui/composer.go:698.59,700.43 2 0
github.com/floatpane/matcha/tui/composer.go:700.43,702.3 1 0
github.com/floatpane/matcha/tui/composer.go:706.57,707.33 1 1
github.com/floatpane/matcha/tui/composer.go:707.33,708.26 1 1
github.com/floatpane/matcha/tui/composer.go:708.26,711.4 2 1
github.com/floatpane/matcha/tui/composer.go:716.50,717.67 1 1
github.com/floatpane/matcha/tui/composer.go:717.67,719.3 1 1
github.com/floatpane/matcha/tui/composer.go:720.2,720.11 1 0
github.com/floatpane/matcha/tui/composer.go:724.40,726.2 1 0
github.com/floatpane/matcha/tui/composer.go:729.42,731.2 1 0
github.com/floatpane/matcha/tui/composer.go:734.35,736.2 1 0
github.com/floatpane/matcha/tui/composer.go:739.37,741.2 1 0
github.com/floatpane/matcha/tui/composer.go:744.35,746.2 1 0
github.com/floatpane/matcha/tui/composer.go:749.37,751.2 1 0
github.com/floatpane/matcha/tui/composer.go:754.36,756.2 1 0
github.com/floatpane/matcha/tui/composer.go:759.39,761.2 1 0
github.com/floatpane/matcha/tui/composer.go:764.40,766.2 1 0
github.com/floatpane/matcha/tui/composer.go:769.47,771.2 1 0
github.com/floatpane/matcha/tui/composer.go:774.37,776.2 1 0
github.com/floatpane/matcha/tui/composer.go:779.41,781.2 1 0
github.com/floatpane/matcha/tui/composer.go:784.50,786.2 1 0
github.com/floatpane/matcha/tui/composer.go:789.42,791.2 1 0
github.com/floatpane/matcha/tui/composer.go:794.75,797.2 2 0
github.com/floatpane/matcha/tui/composer.go:800.47,802.2 1 0
github.com/floatpane/matcha/tui/composer.go:805.43,807.2 1 0
github.com/floatpane/matcha/tui/composer.go:810.42,812.2 1 0
github.com/floatpane/matcha/tui/composer.go:815.45,817.2 1 0
github.com/floatpane/matcha/tui/composer.go:820.51,822.2 1 0
github.com/floatpane/matcha/tui/composer.go:825.70,827.2 1 0
github.com/floatpane/matcha/tui/composer.go:830.57,838.2 7 0
github.com/floatpane/matcha/tui/composer.go:841.39,843.2 1 0
github.com/floatpane/matcha/tui/composer.go:846.43,860.2 1 0
github.com/floatpane/matcha/tui/composer.go:863.99,873.2 9 0
github.com/floatpane/matcha/tui/drafts.go:21.35,22.27 1 0
github.com/floatpane/matcha/tui/drafts.go:22.27,24.3 1 0
github.com/floatpane/matcha/tui/drafts.go:25.2,25.23 1 0
github.com/floatpane/matcha/tui/drafts.go:28.41,30.14 2 0
github.com/floatpane/matcha/tui/drafts.go:30.14,32.3 1 0
github.com/floatpane/matcha/tui/drafts.go:33.2,34.50 2 0
github.com/floatpane/matcha/tui/drafts.go:37.41,39.2 1 0
github.com/floatpane/matcha/tui/drafts.go:42.40,44.9 2 0
github.com/floatpane/matcha/tui/drafts.go:45.26,46.20 1 0
github.com/floatpane/matcha/tui/drafts.go:47.24,49.16 2 0
github.com/floatpane/matcha/tui/drafts.go:49.16,51.4 1 0
github.com/floatpane/matcha/tui/drafts.go:52.3,52.45 1 0
github.com/floatpane/matcha/tui/drafts.go:53.27,55.17 2 0
github.com/floatpane/matcha/tui/drafts.go:55.17,57.4 1 0
github.com/floatpane/matcha/tui/drafts.go:58.3,58.44 1 0
github.com/floatpane/matcha/tui/drafts.go:59.29,61.16 2 0
github.com/floatpane/matcha/tui/drafts.go:61.16,63.4 1 0
github.com/floatpane/matcha/tui/drafts.go:64.3,64.42 1 0
github.com/floatpane/matcha/tui/drafts.go:65.10,66.33 1 0
github.com/floatpane/matcha/tui/drafts.go:81.47,83.27 2 0
github.com/floatpane/matcha/tui/drafts.go:83.27,85.3 1 0
github.com/floatpane/matcha/tui/drafts.go:87.2,93.51 7 0
github.com/floatpane/matcha/tui/drafts.go:93.51,98.3 1 0
github.com/floatpane/matcha/tui/drafts.go:99.2,104.3 2 0
github.com/floatpane/matcha/tui/drafts.go:107.33,109.2 1 0
github.com/floatpane/matcha/tui/drafts.go:111.59,112.27 1 0
github.com/floatpane/matcha/tui/drafts.go:113.25,118.16 5 0
github.com/floatpane/matcha/tui/drafts.go:120.23,122.22 1 0
github.com/floatpane/matcha/tui/drafts.go:122.22,123.24 1 0
github.com/floatpane/matcha/tui/drafts.go:124.18,125.31 1 0
github.com/floatpane/matcha/tui/drafts.go:125.31,129.31 4 0
github.com/floatpane/matcha/tui/drafts.go:129.31,131.7 1 0
github.com/floatpane/matcha/tui/drafts.go:133.25,135.26 2 0
github.com/floatpane/matcha/tui/drafts.go:137.4,137.17 1 0
github.com/floatpane/matcha/tui/drafts.go:141.3,141.45 1 0
github.com/floatpane/matcha/tui/drafts.go:141.45,142.9 1 0
github.com/floatpane/matcha/tui/drafts.go:145.3,145.23 1 0
github.com/floatpane/matcha/tui/drafts.go:146.14,147.29 1 0
github.com/floatpane/matcha/tui/drafts.go:147.29,147.59 1 0
github.com/floatpane/matcha/tui/drafts.go:148.16,149.57 1 0
github.com/floatpane/matcha/tui/drafts.go:149.57,150.30 1 0
github.com/floatpane/matcha/tui/drafts.go:150.30,152.6 1 0
github.com/floatpane/matcha/tui/drafts.go:154.12,155.57 1 0
github.com/floatpane/matcha/tui/drafts.go:155.57,159.5 3 0
github.com/floatpane/matcha/tui/drafts.go:162.23,163.21 1 0
github.com/floatpane/matcha/tui/drafts.go:163.21,166.31 2 0
github.com/floatpane/matcha/tui/drafts.go:166.31,167.28 1 0
github.com/floatpane/matcha/tui/drafts.go:167.28,169.6 1 0
github.com/floatpane/matcha/tui/drafts.go:171.4,174.31 3 0
github.com/floatpane/matcha/tui/drafts.go:174.31,176.5 1 0
github.com/floatpane/matcha/tui/drafts.go:177.4,177.26 1 0
github.com/floatpane/matcha/tui/drafts.go:179.3,179.16 1 0
github.com/floatpane/matcha/tui/drafts.go:182.2,184.15 3 0
github.com/floatpane/matcha/tui/drafts.go:187.34,190.21 2 0
github.com/floatpane/matcha/tui/drafts.go:190.21,198.3 2 0
github.com/floatpane/matcha/tui/drafts.go:200.2,200.24 1 0
github.com/floatpane/matcha/tui/drafts.go:200.24,205.3 2 0
github.com/floatpane/matcha/tui/drafts.go:208.2,209.32 2 0
github.com/floatpane/matcha/tui/drafts.go:213.51,216.27 3 0
github.com/floatpane/matcha/tui/drafts.go:216.27,218.3 1 0
github.com/floatpane/matcha/tui/drafts.go:219.2,219.24 1 0
github.com/floatpane/matcha/tui/email_view.go:20.27,24.2 2 1
github.com/floatpane/matcha/tui/email_view.go:55.123,66.40 10 1
github.com/floatpane/matcha/tui/email_view.go:66.40,67.46 1 1
github.com/floatpane/matcha/tui/email_view.go:67.46,71.4 3 0
github.com/floatpane/matcha/tui/email_view.go:71.9,71.152 1 1
github.com/floatpane/matcha/tui/email_view.go:71.152,73.40 1 0
github.com/floatpane/matcha/tui/email_view.go:73.40,76.5 2 0
github.com/floatpane/matcha/tui/email_view.go:78.9,78.51 1 1
github.com/floatpane/matcha/tui/email_view.go:78.51,82.4 3 0
github.com/floatpane/matcha/tui/email_view.go:82.9,82.161 1 1
github.com/floatpane/matcha/tui/email_view.go:82.161,84.36 1 0
github.com/floatpane/matcha/tui/email_view.go:84.36,87.5 2 0
github.com/floatpane/matcha/tui/email_view.go:89.9,89.34 1 1
github.com/floatpane/matcha/tui/email_view.go:89.34,91.49 1 0
github.com/floatpane/matcha/tui/email_view.go:91.49,92.62 1 0
github.com/floatpane/matcha/tui/email_view.go:92.62,95.6 2 0
github.com/floatpane/matcha/tui/email_view.go:98.9,100.4 1 1
github.com/floatpane/matcha/tui/email_view.go:102.2,111.16 5 1
github.com/floatpane/matcha/tui/email_view.go:111.16,113.3 1 0
github.com/floatpane/matcha/tui/email_view.go:116.2,120.32 4 1
github.com/floatpane/matcha/tui/email_view.go:120.32,122.3 1 1
github.com/floatpane/matcha/tui/email_view.go:125.2,126.26 2 1
github.com/floatpane/matcha/tui/email_view.go:126.26,128.3 1 0
github.com/floatpane/matcha/tui/email_view.go:131.2,155.3 6 1
github.com/floatpane/matcha/tui/email_view.go:158.36,160.2 1 0
github.com/floatpane/matcha/tui/email_view.go:162.62,166.27 3 1
github.com/floatpane/matcha/tui/email_view.go:167.23,169.28 1 1
github.com/floatpane/matcha/tui/email_view.go:169.28,170.28 1 0
github.com/floatpane/matcha/tui/email_view.go:170.28,173.5 2 0
github.com/floatpane/matcha/tui/email_view.go:175.4,176.29 2 0
github.com/floatpane/matcha/tui/email_view.go:176.29,176.76 1 0
github.com/floatpane/matcha/tui/email_view.go:179.3,179.27 1 1
github.com/floatpane/matcha/tui/email_view.go:179.27,180.24 1 1
github.com/floatpane/matcha/tui/email_view.go:181.19,182.31 1 1
github.com/floatpane/matcha/tui/email_view.go:182.31,184.6 1 1
github.com/floatpane/matcha/tui/email_view.go:185.21,186.56 1 1
github.com/floatpane/matcha/tui/email_view.go:186.56,188.6 1 1
github.com/floatpane/matcha/tui/email_view.go:189.17,190.37 1 1
github.com/floatpane/matcha/tui/email_view.go:190.37,194.31 4 1
github.com/floatpane/matcha/tui/email_view.go:194.31,203.7 1 1
github.com/floatpane/matcha/tui/email_view.go:205.15,206.33 1 1
github.com/floatpane/matcha/tui/email_view.go:208.9,209.24 1 1
github.com/floatpane/matcha/tui/email_view.go:210.13,211.38 1 0
github.com/floatpane/matcha/tui/email_view.go:211.38,217.20 5 0
github.com/floatpane/matcha/tui/email_view.go:217.20,219.7 1 0
github.com/floatpane/matcha/tui/email_view.go:220.6,223.19 4 0
github.com/floatpane/matcha/tui/email_view.go:225.13,228.30 2 1
github.com/floatpane/matcha/tui/email_view.go:228.30,228.72 1 1
github.com/floatpane/matcha/tui/email_view.go:229.13,232.30 2 0
github.com/floatpane/matcha/tui/email_view.go:232.30,232.72 1 0
github.com/floatpane/matcha/tui/email_view.go:233.13,238.30 4 0
github.com/floatpane/matcha/tui/email_view.go:238.30,240.6 1 0
github.com/floatpane/matcha/tui/email_view.go:241.13,246.30 4 0
github.com/floatpane/matcha/tui/email_view.go:246.30,248.6 1 0
github.com/floatpane/matcha/tui/email_view.go:249.23,250.54 1 0
github.com/floatpane/matcha/tui/email_view.go:250.54,252.26 2 0
github.com/floatpane/matcha/tui/email_view.go:253.15,254.28 1 0
github.com/floatpane/matcha/tui/email_view.go:255.15,256.28 1 0
github.com/floatpane/matcha/tui/email_view.go:257.15,258.29 1 0
github.com/floatpane/matcha/tui/email_view.go:261.6,261.31 1 0
github.com/floatpane/matcha/tui/email_view.go:261.31,270.7 1 0
github.com/floatpane/matcha/tui/email_view.go:272.15,273.37 1 1
github.com/floatpane/matcha/tui/email_view.go:273.37,275.6 1 1
github.com/floatpane/matcha/tui/email_view.go:278.25,282.35 4 0
github.com/floatpane/matcha/tui/email_view.go:282.35,284.4 1 0
github.com/floatpane/matcha/tui/email_view.go:286.3,293.17 6 0
github.com/floatpane/matcha/tui/email_view.go:293.17,295.4 1 0
github.com/floatpane/matcha/tui/email_view.go:296.3,298.40 3 0
github.com/floatpane/matcha/tui/email_view.go:301.2,304.30 3 1
github.com/floatpane/matcha/tui/email_view.go:307.37,316.19 4 0
github.com/floatpane/matcha/tui/email_view.go:316.19,318.3 1 0
github.com/floatpane/matcha/tui/email_view.go:318.8,318.22 1 0
github.com/floatpane/matcha/tui/email_view.go:318.22,319.21 1 0
github.com/floatpane/matcha/tui/email_view.go:319.21,321.4 1 0
github.com/floatpane/matcha/tui/email_view.go:321.9,323.4 1 0
github.com/floatpane/matcha/tui/email_view.go:325.2,325.22 1 0
github.com/floatpane/matcha/tui/email_view.go:325.22,327.3 1 0
github.com/floatpane/matcha/tui/email_view.go:327.8,327.20 1 0
github.com/floatpane/matcha/tui/email_view.go:327.20,328.19 1 0
github.com/floatpane/matcha/tui/email_view.go:328.19,330.4 1 0
github.com/floatpane/matcha/tui/email_view.go:330.9,332.4 1 0
github.com/floatpane/matcha/tui/email_view.go:335.2,339.26 4 0
github.com/floatpane/matcha/tui/email_view.go:339.26,341.27 2 0
github.com/floatpane/matcha/tui/email_view.go:341.27,343.4 1 0
github.com/floatpane/matcha/tui/email_view.go:344.3,344.36 1 0
github.com/floatpane/matcha/tui/email_view.go:345.8,347.36 2 0
github.com/floatpane/matcha/tui/email_view.go:347.36,349.4 1 0
github.com/floatpane/matcha/tui/email_view.go:350.3,350.42 1 0
github.com/floatpane/matcha/tui/email_view.go:350.42,352.4 1 0
github.com/floatpane/matcha/tui/email_view.go:353.3,353.27 1 0
github.com/floatpane/matcha/tui/email_view.go:353.27,355.4 1 0
github.com/floatpane/matcha/tui/email_view.go:356.3,356.37 1 0
github.com/floatpane/matcha/tui/email_view.go:359.2,360.34 2 0
github.com/floatpane/matcha/tui/email_view.go:360.34,363.50 3 0
github.com/floatpane/matcha/tui/email_view.go:363.50,366.55 3 0
github.com/floatpane/matcha/tui/email_view.go:366.55,369.5 2 0
github.com/floatpane/matcha/tui/email_view.go:370.4,371.23 2 0
github.com/floatpane/matcha/tui/email_view.go:373.3,373.57 1 0
github.com/floatpane/matcha/tui/email_view.go:379.2,379.48 1 0
github.com/floatpane/matcha/tui/email_view.go:379.48,384.36 4 0
github.com/floatpane/matcha/tui/email_view.go:384.36,390.54 2 0
github.com/floatpane/matcha/tui/email_view.go:390.54,393.5 2 0
github.com/floatpane/matcha/tui/email_view.go:398.2,399.51 2 0
github.com/floatpane/matcha/tui/email_view.go:399.51,401.3 1 0
github.com/floatpane/matcha/tui/email_view.go:404.2,404.24 1 0
github.com/floatpane/matcha/tui/email_view.go:404.24,406.3 1 0
github.com/floatpane/matcha/tui/email_view.go:407.2,407.106 1 0
github.com/floatpane/matcha/tui/email_view.go:411.43,413.2 1 0
github.com/floatpane/matcha/tui/email_view.go:416.52,418.2 1 0
github.com/floatpane/matcha/tui/email_view.go:421.71,423.2 1 0
github.com/floatpane/matcha/tui/email_view.go:425.80,427.27 2 1
github.com/floatpane/matcha/tui/email_view.go:427.27,428.63 1 1
github.com/floatpane/matcha/tui/email_view.go:428.63,429.12 1 1
github.com/floatpane/matcha/tui/email_view.go:431.3,434.5 1 0
github.com/floatpane/matcha/tui/email_view.go:436.2,436.13 1 1
github.com/floatpane/matcha/tui/email_view.go:439.53,441.2 1 1
github.com/floatpane/matcha/tui/email_view.go:444.46,446.2 1 0
github.com/floatpane/matcha/tui/email_view.go:449.57,462.26 6 0
github.com/floatpane/matcha/tui/email_view.go:462.26,464.3 1 0
github.com/floatpane/matcha/tui/email_view.go:466.2,468.29 2 0
github.com/floatpane/matcha/tui/email_view.go:468.29,471.3 2 0
github.com/floatpane/matcha/tui/email_view.go:473.2,476.33 3 0
github.com/floatpane/matcha/tui/email_view.go:480.51,481.60 1 0
github.com/floatpane/matcha/tui/email_view.go:481.60,487.3 1 0
github.com/floatpane/matcha/tui/email_view.go:489.2,491.35 1 0
github.com/floatpane/matcha/tui/email_view.go:495.50,496.22 1 0
github.com/floatpane/matcha/tui/email_view.go:496.22,498.3 1 0
github.com/floatpane/matcha/tui/email_view.go:499.2,499.27 1 0
github.com/floatpane/matcha/tui/filepicker.go:33.50,46.2 8 0
github.com/floatpane/matcha/tui/filepicker.go:48.32,50.16 2 0
github.com/floatpane/matcha/tui/filepicker.go:50.16,53.3 2 0
github.com/floatpane/matcha/tui/filepicker.go:54.2,54.19 1 0
github.com/floatpane/matcha/tui/filepicker.go:54.19,56.27 2 0
github.com/floatpane/matcha/tui/filepicker.go:56.27,57.41 1 0
github.com/floatpane/matcha/tui/filepicker.go:57.41,59.5 1 0
github.com/floatpane/matcha/tui/filepicker.go:61.3,61.19 1 0
github.com/floatpane/matcha/tui/filepicker.go:63.2,64.14 2 0
github.com/floatpane/matcha/tui/filepicker.go:67.37,69.2 1 0
github.com/floatpane/matcha/tui/filepicker.go:71.63,72.27 1 0
github.com/floatpane/matcha/tui/filepicker.go:73.25,75.24 2 0
github.com/floatpane/matcha/tui/filepicker.go:77.23,79.20 1 0
github.com/floatpane/matcha/tui/filepicker.go:79.20,80.24 1 0
github.com/floatpane/matcha/tui/filepicker.go:81.17,83.19 2 0
github.com/floatpane/matcha/tui/filepicker.go:83.19,87.6 3 0
github.com/floatpane/matcha/tui/filepicker.go:89.5,89.37 1 0
github.com/floatpane/matcha/tui/filepicker.go:89.37,90.51 1 0
github.com/floatpane/matcha/tui/filepicker.go:90.51,92.7 1 0
github.com/floatpane/matcha/tui/filepicker.go:94.5,95.19 2 0
github.com/floatpane/matcha/tui/filepicker.go:95.19,96.22 1 0
github.com/floatpane/matcha/tui/filepicker.go:96.22,99.7 2 0
github.com/floatpane/matcha/tui/filepicker.go:99.12,103.7 2 0
github.com/floatpane/matcha/tui/filepicker.go:105.5,108.18 4 0
github.com/floatpane/matcha/tui/filepicker.go:109.15,113.18 4 0
github.com/floatpane/matcha/tui/filepicker.go:115.4,117.17 3 0
github.com/floatpane/matcha/tui/filepicker.go:121.3,121.23 1 0
github.com/floatpane/matcha/tui/filepicker.go:122.18,123.20 1 0
github.com/floatpane/matcha/tui/filepicker.go:123.20,125.5 1 0
github.com/floatpane/matcha/tui/filepicker.go:126.20,127.33 1 0
github.com/floatpane/matcha/tui/filepicker.go:127.33,129.5 1 0
github.com/floatpane/matcha/tui/filepicker.go:130.12,133.17 3 0
github.com/floatpane/matcha/tui/filepicker.go:134.12,135.49 1 0
github.com/floatpane/matcha/tui/filepicker.go:135.49,138.5 2 0
github.com/floatpane/matcha/tui/filepicker.go:139.12,141.15 2 0
github.com/floatpane/matcha/tui/filepicker.go:142.16,143.25 1 0
github.com/floatpane/matcha/tui/filepicker.go:143.25,145.5 1 0
github.com/floatpane/matcha/tui/filepicker.go:146.4,149.28 3 0
github.com/floatpane/matcha/tui/filepicker.go:149.28,152.5 2 0
github.com/floatpane/matcha/tui/filepicker.go:152.10,153.30 1 0
github.com/floatpane/matcha/tui/filepicker.go:153.30,155.6 1 0
github.com/floatpane/matcha/tui/filepicker.go:157.20,159.34 2 0
github.com/floatpane/matcha/tui/filepicker.go:159.34,162.5 2 0
github.com/floatpane/matcha/tui/filepicker.go:163.19,164.29 1 0
github.com/floatpane/matcha/tui/filepicker.go:164.29,164.61 1 0
github.com/floatpane/matcha/tui/filepicker.go:167.2,167.15 1 0
github.com/floatpane/matcha/tui/filepicker.go:170.40,171.9 1 0
github.com/floatpane/matcha/tui/filepicker.go:172.19,173.34 1 0
github.com/floatpane/matcha/tui/filepicker.go:174.24,175.50 1 0
github.com/floatpane/matcha/tui/filepicker.go:176.29,177.57 1 0
github.com/floatpane/matcha/tui/filepicker.go:178.10,179.62 1 0
github.com/floatpane/matcha/tui/filepicker.go:183.38,189.19 4 0
github.com/floatpane/matcha/tui/filepicker.go:189.19,191.3 1 0
github.com/floatpane/matcha/tui/filepicker.go:193.2,197.19 3 0
github.com/floatpane/matcha/tui/filepicker.go:197.19,199.3 1 0
github.com/floatpane/matcha/tui/filepicker.go:200.2,202.22 3 0
github.com/floatpane/matcha/tui/filepicker.go:202.22,204.3 1 0
github.com/floatpane/matcha/tui/filepicker.go:207.2,208.30 2 0
github.com/floatpane/matcha/tui/filepicker.go:208.30,210.3 1 0
github.com/floatpane/matcha/tui/filepicker.go:211.2,212.24 2 0
github.com/floatpane/matcha/tui/filepicker.go:212.24,214.3 1 0
github.com/floatpane/matcha/tui/filepicker.go:216.2,216.31 1 0
github.com/floatpane/matcha/tui/filepicker.go:216.31,219.20 3 0
github.com/floatpane/matcha/tui/filepicker.go:219.20,221.4 1 0
github.com/floatpane/matcha/tui/filepicker.go:223.3,225.19 3 0
github.com/floatpane/matcha/tui/filepicker.go:225.19,227.4 1 0
github.com/floatpane/matcha/tui/filepicker.go:227.9,228.44 1 0
github.com/floatpane/matcha/tui/filepicker.go:228.44,230.5 1 0
github.com/floatpane/matcha/tui/filepicker.go:233.3,235.20 2 0
github.com/floatpane/matcha/tui/filepicker.go:235.20,237.4 1 0
github.com/floatpane/matcha/tui/filepicker.go:237.9,239.4 1 0
github.com/floatpane/matcha/tui/filepicker.go:240.3,240.22 1 0
github.com/floatpane/matcha/tui/filepicker.go:243.2,243.23 1 0
github.com/floatpane/matcha/tui/filepicker.go:243.23,245.3 1 0
github.com/floatpane/matcha/tui/filepicker.go:247.2,248.18 2 0
github.com/floatpane/matcha/tui/filepicker.go:248.18,250.3 1 0
github.com/floatpane/matcha/tui/filepicker.go:251.2,253.49 2 0
github.com/floatpane/matcha/tui/folder_inbox.go:82.45,85.47 3 0
github.com/floatpane/matcha/tui/folder_inbox.go:85.47,88.24 3 0
github.com/floatpane/matcha/tui/folder_inbox.go:88.24,90.4 1 0
github.com/floatpane/matcha/tui/folder_inbox.go:91.3,91.24 1 0
github.com/floatpane/matcha/tui/folder_inbox.go:91.24,93.4 1 0
github.com/floatpane/matcha/tui/folder_inbox.go:94.3,94.31 1 0
github.com/floatpane/matcha/tui/folder_inbox.go:96.2,96.15 1 0
github.com/floatpane/matcha/tui/folder_inbox.go:100.52,101.20 1 0
github.com/floatpane/matcha/tui/folder_inbox.go:101.20,103.3 1 0
github.com/floatpane/matcha/tui/folder_inbox.go:107.79,110.22 3 0
github.com/floatpane/matcha/tui/folder_inbox.go:110.22,112.3 1 0
github.com/floatpane/matcha/tui/folder_inbox.go:114.2,128.3 4 0
github.com/floatpane/matcha/tui/folder_inbox.go:131.38,133.2 1 0
github.com/floatpane/matcha/tui/folder_inbox.go:135.64,137.19 1 0
github.com/floatpane/matcha/tui/folder_inbox.go:137.19,139.3 1 0
github.com/floatpane/matcha/tui/folder_inbox.go:141.2,141.27 1 0
github.com/floatpane/matcha/tui/folder_inbox.go:142.23,144.51 1 0
github.com/floatpane/matcha/tui/folder_inbox.go:144.51,145.9 1 0
github.com/floatpane/matcha/tui/folder_inbox.go:147.3,147.23 1 0
github.com/floatpane/matcha/tui/folder_inbox.go:148.14,150.43 2 0
github.com/floatpane/matcha/tui/folder_inbox.go:150.43,152.5 1 0
github.com/floatpane/matcha/tui/folder_inbox.go:153.4,153.30 1 0
github.com/floatpane/matcha/tui/folder_inbox.go:154.20,156.29 2 0
github.com/floatpane/matcha/tui/folder_inbox.go:156.29,158.5 1 0
github.com/floatpane/matcha/tui/folder_inbox.go:159.4,159.30 1 0
github.com/floatpane/matcha/tui/folder_inbox.go:160.12,162.59 1 0
github.com/floatpane/matcha/tui/folder_inbox.go:162.59,169.49 6 0
github.com/floatpane/matcha/tui/folder_inbox.go:169.49,171.11 2 0
github.com/floatpane/matcha/tui/folder_inbox.go:173.5,174.18 2 0
github.com/floatpane/matcha/tui/folder_inbox.go:175.10,178.11 2 0
github.com/floatpane/matcha/tui/folder_inbox.go:178.11,186.6 7 0
github.com/floatpane/matcha/tui/folder_inbox.go:190.25,194.22 4 0
github.com/floatpane/matcha/tui/folder_inbox.go:194.22,196.4 1 0
github.com/floatpane/matcha/tui/folder_inbox.go:197.3,198.16 2 0
github.com/floatpane/matcha/tui/folder_inbox.go:200.30,202.40 1 0
github.com/floatpane/matcha/tui/folder_inbox.go:202.40,204.4 1 0
github.com/floatpane/matcha/tui/folder_inbox.go:205.3,210.16 6 0
github.com/floatpane/matcha/tui/folder_inbox.go:212.31,213.40 1 0
github.com/floatpane/matcha/tui/folder_inbox.go:213.40,215.4 1 0
github.com/floatpane/matcha/tui/folder_inbox.go:216.3,218.27 3 0
github.com/floatpane/matcha/tui/folder_inbox.go:218.27,219.38 1 0
github.com/floatpane/matcha/tui/folder_inbox.go:219.38,221.5 1 0
github.com/floatpane/matcha/tui/folder_inbox.go:222.4,223.17 2 0
github.com/floatpane/matcha/tui/folder_inbox.go:225.3,225.36 1 0
github.com/floatpane/matcha/tui/folder_inbox.go:225.36,228.4 2 0
github.com/floatpane/matcha/tui/folder_inbox.go:229.3,231.16 3 0
github.com/floatpane/matcha/tui/folder_inbox.go:233.21,234.21 1 0
github.com/floatpane/matcha/tui/folder_inbox.go:234.21,237.4 1 0
github.com/floatpane/matcha/tui/folder_inbox.go:238.3,239.16 2 0
github.com/floatpane/matcha/tui/folder_inbox.go:243.2,247.16 3 0
github.com/floatpane/matcha/tui/folder_inbox.go:247.16,250.3 2 0
github.com/floatpane/matcha/tui/folder_inbox.go:252.2,252.15 1 0
github.com/floatpane/matcha/tui/folder_inbox.go:256.57,257.24 1 0
github.com/floatpane/matcha/tui/folder_inbox.go:257.24,259.30 2 0
github.com/floatpane/matcha/tui/folder_inbox.go:260.27,266.5 1 0
github.com/floatpane/matcha/tui/folder_inbox.go:267.26,269.16 2 0
github.com/floatpane/matcha/tui/folder_inbox.go:271.3,271.13 1 0
github.com/floatpane/matcha/tui/folder_inbox.go:275.75,276.27 1 0
github.com/floatpane/matcha/tui/folder_inbox.go:277.23,278.23 1 0
github.com/floatpane/matcha/tui/folder_inbox.go:279.14,281.17 2 0
github.com/floatpane/matcha/tui/folder_inbox.go:282.18,284.27 2 0
github.com/floatpane/matcha/tui/folder_inbox.go:284.27,286.5 1 0
github.com/floatpane/matcha/tui/folder_inbox.go:287.4,287.17 1 0
github.com/floatpane/matcha/tui/folder_inbox.go:288.20,291.39 3 0
github.com/floatpane/matcha/tui/folder_inbox.go:291.39,293.5 1 0
github.com/floatpane/matcha/tui/folder_inbox.go:294.4,294.17 1 0
github.com/floatpane/matcha/tui/folder_inbox.go:295.16,297.58 2 0
github.com/floatpane/matcha/tui/folder_inbox.go:297.58,301.28 3 0
github.com/floatpane/matcha/tui/folder_inbox.go:301.28,312.31 7 0
github.com/floatpane/matcha/tui/folder_inbox.go:312.31,319.7 1 0
github.com/floatpane/matcha/tui/folder_inbox.go:320.11,322.31 1 0
github.com/floatpane/matcha/tui/folder_inbox.go:322.31,329.7 1 0
github.com/floatpane/matcha/tui/folder_inbox.go:334.2,334.15 1 0
github.com/floatpane/matcha/tui/folder_inbox.go:338.52,340.30 2 0
github.com/floatpane/matcha/tui/folder_inbox.go:340.30,341.27 1 0
github.com/floatpane/matcha/tui/folder_inbox.go:341.27,343.4 1 0
github.com/floatpane/matcha/tui/folder_inbox.go:345.2,345.16 1 0
github.com/floatpane/matcha/tui/folder_inbox.go:348.46,349.66 1 0
github.com/floatpane/matcha/tui/folder_inbox.go:349.66,357.25 7 0
github.com/floatpane/matcha/tui/folder_inbox.go:357.25,359.4 1 0
github.com/floatpane/matcha/tui/folder_inbox.go:361.2,361.12 1 0
github.com/floatpane/matcha/tui/folder_inbox.go:364.39,375.19 4 0
github.com/floatpane/matcha/tui/folder_inbox.go:375.19,377.3 1 0
github.com/floatpane/matcha/tui/folder_inbox.go:379.2,379.29 1 0
github.com/floatpane/matcha/tui/folder_inbox.go:382.46,387.25 3 0
github.com/floatpane/matcha/tui/folder_inbox.go:387.25,389.21 2 0
github.com/floatpane/matcha/tui/folder_inbox.go:389.21,391.4 1 0
github.com/floatpane/matcha/tui/folder_inbox.go:391.9,391.34 1 0
github.com/floatpane/matcha/tui/folder_inbox.go:391.34,393.4 1 0
github.com/floatpane/matcha/tui/folder_inbox.go:395.2,398.35 3 0
github.com/floatpane/matcha/tui/folder_inbox.go:398.35,400.29 2 0
github.com/floatpane/matcha/tui/folder_inbox.go:400.29,402.4 1 0
github.com/floatpane/matcha/tui/folder_inbox.go:402.9,404.4 1 0
github.com/floatpane/matcha/tui/folder_inbox.go:405.3,405.27 1 0
github.com/floatpane/matcha/tui/folder_inbox.go:405.27,407.4 1 0
github.com/floatpane/matcha/tui/folder_inbox.go:410.2,411.23 2 0
github.com/floatpane/matcha/tui/folder_inbox.go:411.23,413.3 1 0
github.com/floatpane/matcha/tui/folder_inbox.go:415.2,415.66 1 0
github.com/floatpane/matcha/tui/folder_inbox.go:419.60,425.24 4 0
github.com/floatpane/matcha/tui/folder_inbox.go:425.24,427.3 1 0
github.com/floatpane/matcha/tui/folder_inbox.go:428.2,428.13 1 0
github.com/floatpane/matcha/tui/folder_inbox.go:431.68,433.23 2 0
github.com/floatpane/matcha/tui/folder_inbox.go:433.23,435.3 1 0
github.com/floatpane/matcha/tui/folder_inbox.go:437.2,439.25 3 0
github.com/floatpane/matcha/tui/folder_inbox.go:439.25,441.3 1 0
github.com/floatpane/matcha/tui/folder_inbox.go:442.2,445.33 3 0
github.com/floatpane/matcha/tui/folder_inbox.go:445.33,447.27 2 0
github.com/floatpane/matcha/tui/folder_inbox.go:447.27,449.4 1 0
github.com/floatpane/matcha/tui/folder_inbox.go:449.9,451.4 1 0
github.com/floatpane/matcha/tui/folder_inbox.go:452.3,452.25 1 0
github.com/floatpane/matcha/tui/folder_inbox.go:452.25,454.4 1 0
github.com/floatpane/matcha/tui/folder_inbox.go:457.2,470.18 10 0
github.com/floatpane/matcha/tui/folder_inbox.go:470.18,472.3 1 0
github.com/floatpane/matcha/tui/folder_inbox.go:473.2,474.18 2 0
github.com/floatpane/matcha/tui/folder_inbox.go:474.18,476.3 1 0
github.com/floatpane/matcha/tui/folder_inbox.go:479.2,479.43 1 0
github.com/floatpane/matcha/tui/folder_inbox.go:479.43,481.31 2 0
github.com/floatpane/matcha/tui/folder_inbox.go:481.31,482.9 1 0
github.com/floatpane/matcha/tui/folder_inbox.go:484.3,488.28 3 0
github.com/floatpane/matcha/tui/folder_inbox.go:488.28,490.4 1 0
github.com/floatpane/matcha/tui/folder_inbox.go:490.9,495.4 1 0
github.com/floatpane/matcha/tui/folder_inbox.go:498.2,498.41 1 0
github.com/floatpane/matcha/tui/folder_inbox.go:502.52,506.30 3 0
github.com/floatpane/matcha/tui/folder_inbox.go:506.30,507.27 1 0
github.com/floatpane/matcha/tui/folder_inbox.go:507.27,510.9 3 0
github.com/floatpane/matcha/tui/folder_inbox.go:513.2,513.34 1 0
github.com/floatpane/matcha/tui/folder_inbox.go:513.34,516.3 2 0
github.com/floatpane/matcha/tui/folder_inbox.go:520.84,523.2 2 0
github.com/floatpane/matcha/tui/folder_inbox.go:526.49,528.2 1 0
github.com/floatpane/matcha/tui/folder_inbox.go:531.41,533.2 1 0
github.com/floatpane/matcha/tui/folder_inbox.go:536.54,538.2 1 0
github.com/floatpane/matcha/tui/folder_inbox.go:541.65,543.2 1 0
github.com/floatpane/matcha/tui/folder_inbox.go:546.63,552.2 1 0
github.com/floatpane/matcha/tui/folder_inbox.go:555.54,557.13 2 0
github.com/floatpane/matcha/tui/folder_inbox.go:557.13,559.3 1 0
github.com/floatpane/matcha/tui/folder_inbox.go:559.8,561.3 1 0
github.com/floatpane/matcha/tui/folder_inbox.go:562.2,562.41 1 0
github.com/floatpane/matcha/tui/folder_inbox.go:566.54,569.2 2 0
github.com/floatpane/matcha/tui/folder_inbox.go:572.45,574.2 1 0
github.com/floatpane/matcha/tui/folder_inbox.go:577.45,579.2 1 0
github.com/floatpane/matcha/tui/inbox.go:42.36,42.54 1 0
github.com/floatpane/matcha/tui/inbox.go:43.36,43.53 1 0
github.com/floatpane/matcha/tui/inbox.go:44.36,44.69 1 0
github.com/floatpane/matcha/tui/inbox.go:50.66,50.78 1 1
github.com/floatpane/matcha/tui/inbox.go:51.66,51.78 1 1
github.com/floatpane/matcha/tui/inbox.go:52.66,52.80 1 1
github.com/floatpane/matcha/tui/inbox.go:53.88,55.9 2 0
github.com/floatpane/matcha/tui/inbox.go:55.9,57.3 1 0
github.com/floatpane/matcha/tui/inbox.go:59.2,63.14 5 0
github.com/floatpane/matcha/tui/inbox.go:63.14,66.3 2 0
github.com/floatpane/matcha/tui/inbox.go:67.2,72.26 4 0
github.com/floatpane/matcha/tui/inbox.go:72.26,74.3 1 0
github.com/floatpane/matcha/tui/inbox.go:77.2,78.20 2 0
github.com/floatpane/matcha/tui/inbox.go:78.20,80.3 1 0
github.com/floatpane/matcha/tui/inbox.go:81.2,83.14 3 0
github.com/floatpane/matcha/tui/inbox.go:83.14,85.3 1 0
github.com/floatpane/matcha/tui/inbox.go:85.8,87.3 1 0
github.com/floatpane/matcha/tui/inbox.go:88.2,93.16 5 0
github.com/floatpane/matcha/tui/inbox.go:93.16,95.3 1 0
github.com/floatpane/matcha/tui/inbox.go:98.2,99.18 2 0
github.com/floatpane/matcha/tui/inbox.go:99.18,101.3 1 0
github.com/floatpane/matcha/tui/inbox.go:103.2,110.23 7 0
github.com/floatpane/matcha/tui/inbox.go:110.23,112.3 1 0
github.com/floatpane/matcha/tui/inbox.go:113.2,113.45 1 0
github.com/floatpane/matcha/tui/inbox.go:113.45,114.69 1 0
github.com/floatpane/matcha/tui/inbox.go:114.69,116.4 1 0
github.com/floatpane/matcha/tui/inbox.go:117.3,117.19 1 0
github.com/floatpane/matcha/tui/inbox.go:119.2,125.17 4 0
github.com/floatpane/matcha/tui/inbox.go:125.17,127.3 1 0
github.com/floatpane/matcha/tui/inbox.go:130.2,131.42 2 0
github.com/floatpane/matcha/tui/inbox.go:131.42,133.3 1 0
github.com/floatpane/matcha/tui/inbox.go:135.2,136.38 2 0
github.com/floatpane/matcha/tui/inbox.go:136.38,138.33 1 0
github.com/floatpane/matcha/tui/inbox.go:138.33,140.4 1 0
github.com/floatpane/matcha/tui/inbox.go:141.3,143.18 3 0
github.com/floatpane/matcha/tui/inbox.go:143.18,145.4 1 0
github.com/floatpane/matcha/tui/inbox.go:146.8,146.23 1 0
github.com/floatpane/matcha/tui/inbox.go:146.23,149.24 2 0
github.com/floatpane/matcha/tui/inbox.go:149.24,151.4 1 0
github.com/floatpane/matcha/tui/inbox.go:152.3,152.33 1 0
github.com/floatpane/matcha/tui/inbox.go:152.33,154.4 1 0
github.com/floatpane/matcha/tui/inbox.go:155.3,157.18 3 0
github.com/floatpane/matcha/tui/inbox.go:157.18,159.4 1 0
github.com/floatpane/matcha/tui/inbox.go:162.2,162.64 1 0
github.com/floatpane/matcha/tui/inbox.go:168.60,169.16 1 0
github.com/floatpane/matcha/tui/inbox.go:169.16,171.3 1 0
github.com/floatpane/matcha/tui/inbox.go:172.2,175.9 3 0
github.com/floatpane/matcha/tui/inbox.go:176.23,177.20 1 0
github.com/floatpane/matcha/tui/inbox.go:178.21,180.16 2 0
github.com/floatpane/matcha/tui/inbox.go:180.16,182.4 1 0
github.com/floatpane/matcha/tui/inbox.go:183.3,183.41 1 0
github.com/floatpane/matcha/tui/inbox.go:184.24,186.17 2 0
github.com/floatpane/matcha/tui/inbox.go:186.17,188.4 1 0
github.com/floatpane/matcha/tui/inbox.go:189.3,189.44 1 0
github.com/floatpane/matcha/tui/inbox.go:190.26,192.16 2 0
github.com/floatpane/matcha/tui/inbox.go:192.16,194.4 1 0
github.com/floatpane/matcha/tui/inbox.go:195.3,195.42 1 0
github.com/floatpane/matcha/tui/inbox.go:196.10,197.19 1 0
github.com/floatpane/matcha/tui/inbox.go:197.19,199.4 1 0
github.com/floatpane/matcha/tui/inbox.go:200.3,200.29 1 0
github.com/floatpane/matcha/tui/inbox.go:200.29,202.4 1 0
github.com/floatpane/matcha/tui/inbox.go:203.3,203.34 1 0
github.com/floatpane/matcha/tui/inbox.go:209.42,210.47 1 0
github.com/floatpane/matcha/tui/inbox.go:210.47,212.3 1 0
github.com/floatpane/matcha/tui/inbox.go:214.2,214.46 1 0
github.com/floatpane/matcha/tui/inbox.go:214.46,216.3 1 0
github.com/floatpane/matcha/tui/inbox.go:217.2,217.13 1 0
github.com/floatpane/matcha/tui/inbox.go:221.41,224.29 2 1
github.com/floatpane/matcha/tui/inbox.go:224.29,226.3 1 1
github.com/floatpane/matcha/tui/inbox.go:228.2,229.21 2 1
github.com/floatpane/matcha/tui/inbox.go:229.21,230.29 1 0
github.com/floatpane/matcha/tui/inbox.go:230.29,232.4 1 0
github.com/floatpane/matcha/tui/inbox.go:233.3,233.15 1 0
github.com/floatpane/matcha/tui/inbox.go:236.2,240.20 3 1
github.com/floatpane/matcha/tui/inbox.go:240.20,242.3 1 1
github.com/floatpane/matcha/tui/inbox.go:244.2,244.29 1 0
github.com/floatpane/matcha/tui/inbox.go:289.46,291.2 1 0
github.com/floatpane/matcha/tui/inbox.go:293.73,295.2 1 1
github.com/floatpane/matcha/tui/inbox.go:297.77,299.2 1 0
github.com/floatpane/matcha/tui/inbox.go:301.78,303.2 1 0
github.com/floatpane/matcha/tui/inbox.go:305.80,307.2 1 0
github.com/floatpane/matcha/tui/inbox.go:309.105,312.24 2 1
github.com/floatpane/matcha/tui/inbox.go:312.24,314.3 1 1
github.com/floatpane/matcha/tui/inbox.go:314.8,316.32 2 1
github.com/floatpane/matcha/tui/inbox.go:316.32,319.26 2 1
github.com/floatpane/matcha/tui/inbox.go:319.26,321.5 1 1
github.com/floatpane/matcha/tui/inbox.go:322.4,322.89 1 1
github.com/floatpane/matcha/tui/inbox.go:327.2,328.31 2 1
github.com/floatpane/matcha/tui/inbox.go:328.31,330.3 1 1
github.com/floatpane/matcha/tui/inbox.go:333.2,334.48 2 1
github.com/floatpane/matcha/tui/inbox.go:334.48,336.3 1 1
github.com/floatpane/matcha/tui/inbox.go:338.2,353.14 3 1
github.com/floatpane/matcha/tui/inbox.go:357.59,359.2 1 0
github.com/floatpane/matcha/tui/inbox.go:361.30,368.30 4 1
github.com/floatpane/matcha/tui/inbox.go:368.30,372.3 2 1
github.com/floatpane/matcha/tui/inbox.go:372.8,376.3 2 0
github.com/floatpane/matcha/tui/inbox.go:378.2,381.38 3 1
github.com/floatpane/matcha/tui/inbox.go:381.38,383.23 2 1
github.com/floatpane/matcha/tui/inbox.go:383.23,385.35 1 1
github.com/floatpane/matcha/tui/inbox.go:385.35,386.34 1 1
github.com/floatpane/matcha/tui/inbox.go:386.34,388.11 2 1
github.com/floatpane/matcha/tui/inbox.go:393.3,402.4 1 1
github.com/floatpane/matcha/tui/inbox.go:405.2,413.51 9 1
github.com/floatpane/matcha/tui/inbox.go:413.51,420.22 2 0
github.com/floatpane/matcha/tui/inbox.go:420.22,425.4 1 0
github.com/floatpane/matcha/tui/inbox.go:426.3,427.42 2 0
github.com/floatpane/matcha/tui/inbox.go:427.42,429.4 1 0
github.com/floatpane/matcha/tui/inbox.go:430.3,430.18 1 0
github.com/floatpane/matcha/tui/inbox.go:433.2,438.17 3 1
github.com/floatpane/matcha/tui/inbox.go:438.17,440.3 1 0
github.com/floatpane/matcha/tui/inbox.go:441.2,441.18 1 1
github.com/floatpane/matcha/tui/inbox.go:441.18,443.3 1 0
github.com/floatpane/matcha/tui/inbox.go:447.2,447.32 1 1
github.com/floatpane/matcha/tui/inbox.go:447.32,449.3 1 0
github.com/floatpane/matcha/tui/inbox.go:450.2,450.22 1 1
github.com/floatpane/matcha/tui/inbox.go:450.22,452.3 1 0
github.com/floatpane/matcha/tui/inbox.go:453.2,455.12 2 1
github.com/floatpane/matcha/tui/inbox.go:458.35,460.30 2 1
github.com/floatpane/matcha/tui/inbox.go:460.30,462.3 1 1
github.com/floatpane/matcha/tui/inbox.go:462.8,464.34 2 0
github.com/floatpane/matcha/tui/inbox.go:464.34,465.36 1 0
github.com/floatpane/matcha/tui/inbox.go:465.36,466.23 1 0
github.com/floatpane/matcha/tui/inbox.go:466.23,468.6 1 0
github.com/floatpane/matcha/tui/inbox.go:468.11,470.6 1 0
github.com/floatpane/matcha/tui/inbox.go:471.5,471.10 1 0
github.com/floatpane/matcha/tui/inbox.go:475.2,475.20 1 1
github.com/floatpane/matcha/tui/inbox.go:475.20,477.3 1 0
github.com/floatpane/matcha/tui/inbox.go:478.2,478.18 1 1
github.com/floatpane/matcha/tui/inbox.go:478.18,480.3 1 0
github.com/floatpane/matcha/tui/inbox.go:481.2,481.26 1 1
github.com/floatpane/matcha/tui/inbox.go:481.26,483.3 1 0
github.com/floatpane/matcha/tui/inbox.go:484.2,484.14 1 1
github.com/floatpane/matcha/tui/inbox.go:487.39,488.24 1 1
github.com/floatpane/matcha/tui/inbox.go:488.24,490.3 1 0
github.com/floatpane/matcha/tui/inbox.go:491.2,491.19 1 1
github.com/floatpane/matcha/tui/inbox.go:492.19,493.16 1 0
github.com/floatpane/matcha/tui/inbox.go:494.20,495.17 1 0
github.com/floatpane/matcha/tui/inbox.go:496.22,497.19 1 0
github.com/floatpane/matcha/tui/inbox.go:498.10,499.17 1 1
github.com/floatpane/matcha/tui/inbox.go:503.32,505.2 1 0
github.com/floatpane/matcha/tui/inbox.go:507.58,510.27 2 1
github.com/floatpane/matcha/tui/inbox.go:511.23,512.45 1 1
github.com/floatpane/matcha/tui/inbox.go:512.45,514.20 1 0
github.com/floatpane/matcha/tui/inbox.go:514.20,519.5 4 0
github.com/floatpane/matcha/tui/inbox.go:520.4,520.9 1 0
github.com/floatpane/matcha/tui/inbox.go:522.3,522.45 1 1
github.com/floatpane/matcha/tui/inbox.go:523.12,524.21 1 0
github.com/floatpane/matcha/tui/inbox.go:524.21,529.11 4 0
github.com/floatpane/matcha/tui/inbox.go:529.11,534.6 4 0
github.com/floatpane/matcha/tui/inbox.go:535.5,535.24 1 0
github.com/floatpane/matcha/tui/inbox.go:536.10,542.5 4 0
github.com/floatpane/matcha/tui/inbox.go:543.4,543.17 1 0
github.com/floatpane/matcha/tui/inbox.go:544.14,545.20 1 0
github.com/floatpane/matcha/tui/inbox.go:545.20,552.5 5 0
github.com/floatpane/matcha/tui/inbox.go:553.31,554.20 1 1
github.com/floatpane/matcha/tui/inbox.go:554.20,561.5 4 0
github.com/floatpane/matcha/tui/inbox.go:562.20,563.23 1 0
github.com/floatpane/matcha/tui/inbox.go:563.23,565.29 2 0
github.com/floatpane/matcha/tui/inbox.go:565.29,567.6 1 0
github.com/floatpane/matcha/tui/inbox.go:568.5,574.18 6 0
github.com/floatpane/matcha/tui/inbox.go:576.21,577.23 1 0
github.com/floatpane/matcha/tui/inbox.go:577.23,579.40 2 0
github.com/floatpane/matcha/tui/inbox.go:579.40,581.6 1 0
github.com/floatpane/matcha/tui/inbox.go:582.5,588.18 6 0
github.com/floatpane/matcha/tui/inbox.go:590.12,591.47 1 1
github.com/floatpane/matcha/tui/inbox.go:591.47,596.40 4 0
github.com/floatpane/matcha/tui/inbox.go:596.40,598.11 2 0
github.com/floatpane/matcha/tui/inbox.go:602.5,607.30 5 0
github.com/floatpane/matcha/tui/inbox.go:607.30,609.6 1 0
github.com/floatpane/matcha/tui/inbox.go:610.10,613.11 2 1
github.com/floatpane/matcha/tui/inbox.go:613.11,614.31 1 1
github.com/floatpane/matcha/tui/inbox.go:614.31,616.7 1 1
github.com/floatpane/matcha/tui/inbox.go:619.12,620.47 1 1
github.com/floatpane/matcha/tui/inbox.go:620.47,625.40 4 0
github.com/floatpane/matcha/tui/inbox.go:625.40,627.11 2 0
github.com/floatpane/matcha/tui/inbox.go:631.5,636.30 5 0
github.com/floatpane/matcha/tui/inbox.go:636.30,638.6 1 0
github.com/floatpane/matcha/tui/inbox.go:639.10,642.11 2 1
github.com/floatpane/matcha/tui/inbox.go:642.11,643.31 1 1
github.com/floatpane/matcha/tui/inbox.go:643.31,645.7 1 1
github.com/floatpane/matcha/tui/inbox.go:648.12,653.41 4 0
github.com/floatpane/matcha/tui/inbox.go:653.41,655.5 1 0
github.com/floatpane/matcha/tui/inbox.go:656.4,656.29 1 0
github.com/floatpane/matcha/tui/inbox.go:656.29,658.5 1 0
github.com/floatpane/matcha/tui/inbox.go:659.16,661.10 2 1
github.com/floatpane/matcha/tui/inbox.go:661.10,665.30 4 1
github.com/floatpane/matcha/tui/inbox.go:665.30,667.6 1 1
github.com/floatpane/matcha/tui/inbox.go:670.25,675.26 5 0
github.com/floatpane/matcha/tui/inbox.go:675.26,677.4 1 0
github.com/floatpane/matcha/tui/inbox.go:678.3,678.16 1 0
github.com/floatpane/matcha/tui/inbox.go:680.29,683.16 3 0
github.com/floatpane/matcha/tui/inbox.go:685.25,686.31 1 0
github.com/floatpane/matcha/tui/inbox.go:686.31,688.4 1 0
github.com/floatpane/matcha/tui/inbox.go:689.3,692.27 3 0
github.com/floatpane/matcha/tui/inbox.go:692.27,693.32 1 0
github.com/floatpane/matcha/tui/inbox.go:693.32,695.5 1 0
github.com/floatpane/matcha/tui/inbox.go:696.4,697.17 2 0
github.com/floatpane/matcha/tui/inbox.go:701.3,701.36 1 0
github.com/floatpane/matcha/tui/inbox.go:701.36,704.4 2 0
github.com/floatpane/matcha/tui/inbox.go:705.3,708.16 3 0
github.com/floatpane/matcha/tui/inbox.go:710.27,711.31 1 0
github.com/floatpane/matcha/tui/inbox.go:711.31,713.4 1 0
github.com/floatpane/matcha/tui/inbox.go:714.3,716.16 3 0
github.com/floatpane/matcha/tui/inbox.go:718.26,719.31 1 0
github.com/floatpane/matcha/tui/inbox.go:719.31,721.4 1 0
github.com/floatpane/matcha/tui/inbox.go:725.3,727.16 3 0
github.com/floatpane/matcha/tui/inbox.go:730.2,734.25 4 1
github.com/floatpane/matcha/tui/inbox.go:734.25,736.3 1 1
github.com/floatpane/matcha/tui/inbox.go:737.2,737.30 1 1
github.com/floatpane/matcha/tui/inbox.go:740.40,741.36 1 1
github.com/floatpane/matcha/tui/inbox.go:741.36,743.3 1 0
github.com/floatpane/matcha/tui/inbox.go:744.2,744.30 1 1
github.com/floatpane/matcha/tui/inbox.go:744.30,746.3 1 0
github.com/floatpane/matcha/tui/inbox.go:747.2,747.30 1 1
github.com/floatpane/matcha/tui/inbox.go:747.30,749.3 1 0
github.com/floatpane/matcha/tui/inbox.go:750.2,750.44 1 1
github.com/floatpane/matcha/tui/inbox.go:750.44,752.3 1 0
github.com/floatpane/matcha/tui/inbox.go:754.2,754.89 1 1
github.com/floatpane/matcha/tui/inbox.go:758.45,759.33 1 1
github.com/floatpane/matcha/tui/inbox.go:759.33,761.3 1 1
github.com/floatpane/matcha/tui/inbox.go:762.2,762.30 1 0
github.com/floatpane/matcha/tui/inbox.go:762.30,764.3 1 0
github.com/floatpane/matcha/tui/inbox.go:766.2,766.33 1 0
github.com/floatpane/matcha/tui/inbox.go:766.33,767.33 1 0
github.com/floatpane/matcha/tui/inbox.go:767.33,769.4 1 0
github.com/floatpane/matcha/tui/inbox.go:771.2,771.28 1 0
github.com/floatpane/matcha/tui/inbox.go:774.43,777.16 3 1
github.com/floatpane/matcha/tui/inbox.go:777.16,779.3 1 1
github.com/floatpane/matcha/tui/inbox.go:781.2,781.30 1 1
github.com/floatpane/matcha/tui/inbox.go:781.30,782.27 1 1
github.com/floatpane/matcha/tui/inbox.go:782.27,784.4 1 0
github.com/floatpane/matcha/tui/inbox.go:785.3,785.34 1 1
github.com/floatpane/matcha/tui/inbox.go:785.34,787.36 2 1
github.com/floatpane/matcha/tui/inbox.go:787.36,788.13 1 0
github.com/floatpane/matcha/tui/inbox.go:790.4,791.60 2 1
github.com/floatpane/matcha/tui/inbox.go:791.60,792.27 1 1
github.com/floatpane/matcha/tui/inbox.go:792.27,794.6 1 1
github.com/floatpane/matcha/tui/inbox.go:797.3,797.14 1 1
github.com/floatpane/matcha/tui/inbox.go:800.2,800.43 1 0
github.com/floatpane/matcha/tui/inbox.go:800.43,802.3 1 0
github.com/floatpane/matcha/tui/inbox.go:803.2,804.58 2 0
github.com/floatpane/matcha/tui/inbox.go:804.58,805.25 1 0
github.com/floatpane/matcha/tui/inbox.go:805.25,807.4 1 0
github.com/floatpane/matcha/tui/inbox.go:809.2,809.13 1 0
github.com/floatpane/matcha/tui/inbox.go:812.33,816.21 2 0
github.com/floatpane/matcha/tui/inbox.go:816.21,818.30 2 0
github.com/floatpane/matcha/tui/inbox.go:818.30,820.20 2 0
github.com/floatpane/matcha/tui/inbox.go:820.20,822.5 1 0
github.com/floatpane/matcha/tui/inbox.go:824.4,824.29 1 0
github.com/floatpane/matcha/tui/inbox.go:824.29,826.5 1 0
github.com/floatpane/matcha/tui/inbox.go:826.10,828.5 1 0
github.com/floatpane/matcha/tui/inbox.go:830.3,832.22 3 0
github.com/floatpane/matcha/tui/inbox.go:835.2,838.42 2 0
github.com/floatpane/matcha/tui/inbox.go:838.42,840.3 1 0
github.com/floatpane/matcha/tui/inbox.go:842.2,844.18 2 0
github.com/floatpane/matcha/tui/inbox.go:844.18,849.14 4 0
github.com/floatpane/matcha/tui/inbox.go:849.14,851.4 1 0
github.com/floatpane/matcha/tui/inbox.go:852.8,854.3 1 0
github.com/floatpane/matcha/tui/inbox.go:856.2,858.32 2 0
github.com/floatpane/matcha/tui/inbox.go:862.46,864.2 1 0
github.com/floatpane/matcha/tui/inbox.go:867.59,869.30 2 1
github.com/floatpane/matcha/tui/inbox.go:869.30,871.3 1 1
github.com/floatpane/matcha/tui/inbox.go:871.8,873.3 1 0
github.com/floatpane/matcha/tui/inbox.go:875.2,875.46 1 1
github.com/floatpane/matcha/tui/inbox.go:875.46,877.3 1 1
github.com/floatpane/matcha/tui/inbox.go:878.2,878.12 1 1
github.com/floatpane/matcha/tui/inbox.go:881.42,883.2 1 0
github.com/floatpane/matcha/tui/inbox.go:886.51,888.9 2 0
github.com/floatpane/matcha/tui/inbox.go:888.9,890.3 1 0
github.com/floatpane/matcha/tui/inbox.go:891.2,891.54 1 0
github.com/floatpane/matcha/tui/inbox.go:895.63,896.29 1 0
github.com/floatpane/matcha/tui/inbox.go:896.29,897.73 1 0
github.com/floatpane/matcha/tui/inbox.go:897.73,899.9 2 0
github.com/floatpane/matcha/tui/inbox.go:902.2,902.52 1 0
github.com/floatpane/matcha/tui/inbox.go:902.52,903.25 1 0
github.com/floatpane/matcha/tui/inbox.go:903.25,904.28 1 0
github.com/floatpane/matcha/tui/inbox.go:904.28,906.10 2 0
github.com/floatpane/matcha/tui/inbox.go:910.2,910.16 1 0
github.com/floatpane/matcha/tui/inbox.go:914.41,915.19 1 0
github.com/floatpane/matcha/tui/inbox.go:915.19,917.3 1 0
github.com/floatpane/matcha/tui/inbox.go:919.2,923.17 4 0
github.com/floatpane/matcha/tui/inbox.go:923.17,925.3 1 0
github.com/floatpane/matcha/tui/inbox.go:928.2,933.50 5 0
github.com/floatpane/matcha/tui/inbox.go:933.50,934.37 1 0
github.com/floatpane/matcha/tui/inbox.go:934.37,936.28 1 0
github.com/floatpane/matcha/tui/inbox.go:936.28,938.5 1 0
github.com/floatpane/matcha/tui/inbox.go:939.4,939.39 1 0
github.com/floatpane/matcha/tui/inbox.go:939.39,941.13 1 0
github.com/floatpane/matcha/tui/inbox.go:944.4,944.53 1 0
github.com/floatpane/matcha/tui/inbox.go:944.53,947.5 2 0
github.com/floatpane/matcha/tui/inbox.go:951.2,951.21 1 0
github.com/floatpane/matcha/tui/inbox.go:955.35,956.45 1 0
github.com/floatpane/matcha/tui/inbox.go:956.45,959.3 2 0
github.com/floatpane/matcha/tui/inbox.go:959.8,961.3 1 0
github.com/floatpane/matcha/tui/inbox.go:965.63,967.27 2 0
github.com/floatpane/matcha/tui/inbox.go:967.27,969.3 1 0
github.com/floatpane/matcha/tui/inbox.go:972.2,972.52 1 0
github.com/floatpane/matcha/tui/inbox.go:972.52,974.28 2 0
github.com/floatpane/matcha/tui/inbox.go:974.28,975.22 1 0
github.com/floatpane/matcha/tui/inbox.go:975.22,977.5 1 0
github.com/floatpane/matcha/tui/inbox.go:979.3,979.42 1 0
github.com/floatpane/matcha/tui/inbox.go:983.2,984.32 2 0
github.com/floatpane/matcha/tui/inbox.go:984.32,985.51 1 0
github.com/floatpane/matcha/tui/inbox.go:985.51,987.4 1 0
github.com/floatpane/matcha/tui/inbox.go:989.2,991.16 2 0
github.com/floatpane/matcha/tui/inbox.go:995.59,997.52 1 1
github.com/floatpane/matcha/tui/inbox.go:997.52,999.28 2 1
github.com/floatpane/matcha/tui/inbox.go:999.28,1000.20 1 1
github.com/floatpane/matcha/tui/inbox.go:1000.20,1002.5 1 1
github.com/floatpane/matcha/tui/inbox.go:1004.3,1004.42 1 1
github.com/floatpane/matcha/tui/inbox.go:1008.2,1009.32 2 1
github.com/floatpane/matcha/tui/inbox.go:1009.32,1010.50 1 1
github.com/floatpane/matcha/tui/inbox.go:1010.50,1012.4 1 1
github.com/floatpane/matcha/tui/inbox.go:1014.2,1016.16 2 1
github.com/floatpane/matcha/tui/inbox.go:1020.44,1025.2 4 0
github.com/floatpane/matcha/tui/inbox.go:1028.44,1031.2 2 0
github.com/floatpane/matcha/tui/inbox.go:1034.48,1037.2 2 0
github.com/floatpane/matcha/tui/inbox.go:1040.67,1042.2 1 0
github.com/floatpane/matcha/tui/inbox.go:1045.78,1052.24 5 0
github.com/floatpane/matcha/tui/inbox.go:1052.24,1054.3 1 0
github.com/floatpane/matcha/tui/inbox.go:1054.8,1056.32 2 0
github.com/floatpane/matcha/tui/inbox.go:1056.32,1058.4 1 0
github.com/floatpane/matcha/tui/inbox.go:1060.2,1064.31 3 0
github.com/floatpane/matcha/tui/inbox.go:1064.31,1066.3 1 0
github.com/floatpane/matcha/tui/inbox.go:1069.2,1070.50 2 0
github.com/floatpane/matcha/tui/inbox.go:1070.50,1072.3 1 0
github.com/floatpane/matcha/tui/inbox.go:1074.2,1074.16 1 0
github.com/floatpane/matcha/tui/login.go:45.37,53.26 4 0
github.com/floatpane/matcha/tui/login.go:53.26,58.12 4 0
github.com/floatpane/matcha/tui/login.go:59.22,62.24 3 0
github.com/floatpane/matcha/tui/login.go:63.22,65.24 2 0
github.com/floatpane/matcha/tui/login.go:66.18,68.24 2 0
github.com/floatpane/matcha/tui/login.go:69.19,71.24 2 0
github.com/floatpane/matcha/tui/login.go:72.24,74.24 2 0
github.com/floatpane/matcha/tui/login.go:75.25,77.26 2 0
github.com/floatpane/matcha/tui/login.go:78.24,80.24 2 0
github.com/floatpane/matcha/tui/login.go:81.22,84.24 3 0
github.com/floatpane/matcha/tui/login.go:85.24,87.24 2 0
github.com/floatpane/matcha/tui/login.go:88.22,90.24 2 0
github.com/floatpane/matcha/tui/login.go:91.24,93.24 2 0
github.com/floatpane/matcha/tui/login.go:94.22,96.24 2 0
github.com/floatpane/matcha/tui/login.go:97.22,99.24 2 0
github.com/floatpane/matcha/tui/login.go:100.26,102.24 2 0
github.com/floatpane/matcha/tui/login.go:103.24,105.24 2 0
github.com/floatpane/matcha/tui/login.go:106.22,108.24 2 0
github.com/floatpane/matcha/tui/login.go:110.3,110.18 1 0
github.com/floatpane/matcha/tui/login.go:113.2,113.10 1 0
github.com/floatpane/matcha/tui/login.go:117.32,119.2 1 0
github.com/floatpane/matcha/tui/login.go:122.35,124.13 2 0
github.com/floatpane/matcha/tui/login.go:124.13,126.3 1 0
github.com/floatpane/matcha/tui/login.go:127.2,127.10 1 0
github.com/floatpane/matcha/tui/login.go:132.39,139.15 5 0
github.com/floatpane/matcha/tui/login.go:140.14,142.118 1 0
github.com/floatpane/matcha/tui/login.go:143.14,146.82 1 0
github.com/floatpane/matcha/tui/login.go:147.10,150.15 2 0
github.com/floatpane/matcha/tui/login.go:150.15,152.4 1 0
github.com/floatpane/matcha/tui/login.go:153.3,153.19 1 0
github.com/floatpane/matcha/tui/login.go:153.19,155.4 1 0
github.com/floatpane/matcha/tui/login.go:156.3,156.19 1 0
github.com/floatpane/matcha/tui/login.go:156.19,158.4 1 0
github.com/floatpane/matcha/tui/login.go:161.2,161.15 1 0
github.com/floatpane/matcha/tui/login.go:165.58,166.27 1 0
github.com/floatpane/matcha/tui/login.go:167.25,170.27 3 0
github.com/floatpane/matcha/tui/login.go:170.27,172.4 1 0
github.com/floatpane/matcha/tui/login.go:174.23,175.23 1 0
github.com/floatpane/matcha/tui/login.go:176.14,177.29 1 0
github.com/floatpane/matcha/tui/login.go:177.29,177.59 1 0
github.com/floatpane/matcha/tui/login.go:179.16,184.33 4 0
github.com/floatpane/matcha/tui/login.go:184.33,186.5 1 0
github.com/floatpane/matcha/tui/login.go:187.4,187.15 1 0
github.com/floatpane/matcha/tui/login.go:189.41,196.30 5 0
github.com/floatpane/matcha/tui/login.go:196.30,197.26 1 0
github.com/floatpane/matcha/tui/login.go:197.26,199.11 2 0
github.com/floatpane/matcha/tui/login.go:203.4,203.37 1 0
github.com/floatpane/matcha/tui/login.go:203.37,205.5 1 0
github.com/floatpane/matcha/tui/login.go:205.10,207.5 1 0
github.com/floatpane/matcha/tui/login.go:209.4,209.30 1 0
github.com/floatpane/matcha/tui/login.go:209.30,211.5 1 0
github.com/floatpane/matcha/tui/login.go:211.10,211.25 1 0
github.com/floatpane/matcha/tui/login.go:211.25,213.5 1 0
github.com/floatpane/matcha/tui/login.go:215.4,218.39 3 0
github.com/floatpane/matcha/tui/login.go:218.39,219.26 1 0
github.com/floatpane/matcha/tui/login.go:219.26,221.6 1 0
github.com/floatpane/matcha/tui/login.go:221.11,223.6 1 0
github.com/floatpane/matcha/tui/login.go:225.4,225.32 1 0
github.com/floatpane/matcha/tui/login.go:230.2,231.26 2 0
github.com/floatpane/matcha/tui/login.go:231.26,233.3 1 0
github.com/floatpane/matcha/tui/login.go:235.2,237.30 2 0
github.com/floatpane/matcha/tui/login.go:241.31,245.2 3 0
github.com/floatpane/matcha/tui/login.go:248.45,252.43 4 0
github.com/floatpane/matcha/tui/login.go:252.43,253.74 1 0
github.com/floatpane/matcha/tui/login.go:253.74,255.4 1 0
github.com/floatpane/matcha/tui/login.go:257.2,257.43 1 0
github.com/floatpane/matcha/tui/login.go:257.43,258.74 1 0
github.com/floatpane/matcha/tui/login.go:258.74,260.4 1 0
github.com/floatpane/matcha/tui/login.go:262.2,262.43 1 0
github.com/floatpane/matcha/tui/login.go:262.43,263.74 1 0
github.com/floatpane/matcha/tui/login.go:263.74,265.4 1 0
github.com/floatpane/matcha/tui/login.go:268.2,269.17 2 0
github.com/floatpane/matcha/tui/login.go:269.17,271.3 1 0
github.com/floatpane/matcha/tui/login.go:273.2,277.24 3 0
github.com/floatpane/matcha/tui/login.go:277.24,296.3 1 0
github.com/floatpane/matcha/tui/login.go:300.33,302.18 2 0
github.com/floatpane/matcha/tui/login.go:302.18,304.3 1 0
github.com/floatpane/matcha/tui/login.go:306.2,309.22 3 0
github.com/floatpane/matcha/tui/login.go:310.21,311.62 1 0
github.com/floatpane/matcha/tui/login.go:312.21,313.80 1 0
github.com/floatpane/matcha/tui/login.go:314.17,315.56 1 0
github.com/floatpane/matcha/tui/login.go:316.18,317.50 1 0
github.com/floatpane/matcha/tui/login.go:318.23,319.113 1 0
github.com/floatpane/matcha/tui/login.go:320.24,321.104 1 0
github.com/floatpane/matcha/tui/login.go:322.23,323.67 1 0
github.com/floatpane/matcha/tui/login.go:324.21,325.66 1 0
github.com/floatpane/matcha/tui/login.go:326.23,327.51 1 0
github.com/floatpane/matcha/tui/login.go:328.21,329.62 1 0
github.com/floatpane/matcha/tui/login.go:330.23,331.49 1 0
github.com/floatpane/matcha/tui/login.go:332.21,333.62 1 0
github.com/floatpane/matcha/tui/login.go:334.21,335.81 1 0
github.com/floatpane/matcha/tui/login.go:336.25,337.87 1 0
github.com/floatpane/matcha/tui/login.go:338.23,339.56 1 0
github.com/floatpane/matcha/tui/login.go:340.21,341.62 1 0
github.com/floatpane/matcha/tui/login.go:344.2,351.15 2 0
github.com/floatpane/matcha/tui/login.go:352.14,362.4 1 0
github.com/floatpane/matcha/tui/login.go:363.14,379.4 1 0
github.com/floatpane/matcha/tui/login.go:380.10,392.15 4 0
github.com/floatpane/matcha/tui/login.go:392.15,394.4 1 0
github.com/floatpane/matcha/tui/login.go:396.3,396.19 1 0
github.com/floatpane/matcha/tui/login.go:396.19,398.4 1 0
github.com/floatpane/matcha/tui/login.go:398.9,400.4 1 0
github.com/floatpane/matcha/tui/login.go:402.3,402.19 1 0
github.com/floatpane/matcha/tui/login.go:402.19,413.4 2 0
github.com/floatpane/matcha/tui/login.go:416.2,417.30 2 0
github.com/floatpane/matcha/tui/login.go:417.30,419.3 1 0
github.com/floatpane/matcha/tui/login.go:420.2,422.68 2 0
github.com/floatpane/matcha/tui/login.go:426.226,430.20 3 0
github.com/floatpane/matcha/tui/login.go:430.20,432.3 1 0
github.com/floatpane/matcha/tui/login.go:433.2,441.18 8 0
github.com/floatpane/matcha/tui/login.go:441.18,443.15 2 0
github.com/floatpane/matcha/tui/login.go:443.15,445.4 1 0
github.com/floatpane/matcha/tui/login.go:445.9,447.4 1 0
github.com/floatpane/matcha/tui/login.go:448.3,448.20 1 0
github.com/floatpane/matcha/tui/login.go:448.20,450.4 1 0
github.com/floatpane/matcha/tui/login.go:451.3,452.20 2 0
github.com/floatpane/matcha/tui/login.go:452.20,454.4 1 0
github.com/floatpane/matcha/tui/login.go:457.2,457.24 1 0
github.com/floatpane/matcha/tui/login.go:457.24,459.3 1 0
github.com/floatpane/matcha/tui/login.go:460.2,460.22 1 0
github.com/floatpane/matcha/tui/login.go:460.22,462.3 1 0
github.com/floatpane/matcha/tui/login.go:463.2,463.19 1 0
github.com/floatpane/matcha/tui/login.go:463.19,465.3 1 0
github.com/floatpane/matcha/tui/login.go:467.2,467.24 1 0
github.com/floatpane/matcha/tui/login.go:467.24,469.20 2 0
github.com/floatpane/matcha/tui/login.go:469.20,471.4 1 0
github.com/floatpane/matcha/tui/login.go:476.39,478.2 1 0
github.com/floatpane/matcha/tui/login.go:481.35,483.2 1 0
github.com/floatpane/matcha/tui/mailing_list.go:23.48,41.2 9 0
github.com/floatpane/matcha/tui/mailing_list.go:44.76,49.2 4 0
github.com/floatpane/matcha/tui/mailing_list.go:52.44,54.2 1 0
github.com/floatpane/matcha/tui/mailing_list.go:57.70,60.27 2 0
github.com/floatpane/matcha/tui/mailing_list.go:61.25,66.16 5 0
github.com/floatpane/matcha/tui/mailing_list.go:68.23,69.23 1 0
github.com/floatpane/matcha/tui/mailing_list.go:70.17,71.22 1 0
github.com/floatpane/matcha/tui/mailing_list.go:72.14,73.29 1 0
github.com/floatpane/matcha/tui/mailing_list.go:73.29,73.57 1 0
github.com/floatpane/matcha/tui/mailing_list.go:74.41,75.20 1 0
github.com/floatpane/matcha/tui/mailing_list.go:75.20,79.5 3 0
github.com/floatpane/matcha/tui/mailing_list.go:79.10,83.5 3 0
github.com/floatpane/matcha/tui/mailing_list.go:84.4,84.17 1 0
github.com/floatpane/matcha/tui/mailing_list.go:85.16,86.20 1 0
github.com/floatpane/matcha/tui/mailing_list.go:86.20,91.5 4 0
github.com/floatpane/matcha/tui/mailing_list.go:91.10,95.34 3 0
github.com/floatpane/matcha/tui/mailing_list.go:95.34,97.31 2 0
github.com/floatpane/matcha/tui/mailing_list.go:97.31,103.7 1 0
github.com/floatpane/matcha/tui/mailing_list.go:109.2,109.18 1 0
github.com/floatpane/matcha/tui/mailing_list.go:109.18,111.3 1 0
github.com/floatpane/matcha/tui/mailing_list.go:111.8,113.3 1 0
github.com/floatpane/matcha/tui/mailing_list.go:115.2,115.15 1 0
github.com/floatpane/matcha/tui/mailing_list.go:119.45,121.18 2 0
github.com/floatpane/matcha/tui/mailing_list.go:121.18,123.3 1 0
github.com/floatpane/matcha/tui/mailing_list.go:124.2,127.18 3 0
github.com/floatpane/matcha/tui/mailing_list.go:127.18,130.3 2 0
github.com/floatpane/matcha/tui/mailing_list.go:130.8,133.3 2 0
github.com/floatpane/matcha/tui/mailing_list.go:135.2,143.4 1 0
github.com/floatpane/matcha/tui/marketplace.go:75.50,80.2 1 0
github.com/floatpane/matcha/tui/marketplace.go:82.37,84.2 1 0
github.com/floatpane/matcha/tui/marketplace.go:86.30,89.2 2 0
github.com/floatpane/matcha/tui/marketplace.go:91.63,92.27 1 0
github.com/floatpane/matcha/tui/marketplace.go:93.25,96.16 3 0
github.com/floatpane/matcha/tui/marketplace.go:98.26,99.21 1 0
github.com/floatpane/matcha/tui/marketplace.go:99.21,103.4 3 0
github.com/floatpane/matcha/tui/marketplace.go:104.3,106.16 3 0
github.com/floatpane/matcha/tui/marketplace.go:108.26,109.21 1 0
github.com/floatpane/matcha/tui/marketplace.go:109.21,111.4 1 0
github.com/floatpane/matcha/tui/marketplace.go:111.9,114.4 2 0
github.com/floatpane/matcha/tui/marketplace.go:115.3,115.16 1 0
github.com/floatpane/matcha/tui/marketplace.go:117.23,118.34 1 0
github.com/floatpane/matcha/tui/marketplace.go:118.34,119.80 1 0
github.com/floatpane/matcha/tui/marketplace.go:119.80,120.21 1 0
github.com/floatpane/matcha/tui/marketplace.go:120.21,122.6 1 0
github.com/floatpane/matcha/tui/marketplace.go:123.5,123.30 1 0
github.com/floatpane/matcha/tui/marketplace.go:123.30,123.60 1 0
github.com/floatpane/matcha/tui/marketplace.go:125.4,125.17 1 0
github.com/floatpane/matcha/tui/marketplace.go:128.3,128.23 1 0
github.com/floatpane/matcha/tui/marketplace.go:129.19,130.20 1 0
github.com/floatpane/matcha/tui/marketplace.go:130.20,132.5 1 0
github.com/floatpane/matcha/tui/marketplace.go:133.4,133.29 1 0
github.com/floatpane/matcha/tui/marketplace.go:133.29,133.59 1 0
github.com/floatpane/matcha/tui/marketplace.go:134.17,135.22 1 0
github.com/floatpane/matcha/tui/marketplace.go:136.18,137.20 1 0
github.com/floatpane/matcha/tui/marketplace.go:137.20,139.28 2 0
github.com/floatpane/matcha/tui/marketplace.go:139.28,141.6 1 0
github.com/floatpane/matcha/tui/marketplace.go:143.20,144.35 1 0
github.com/floatpane/matcha/tui/marketplace.go:144.35,147.37 3 0
github.com/floatpane/matcha/tui/marketplace.go:147.37,149.6 1 0
github.com/floatpane/matcha/tui/marketplace.go:151.16,152.33 1 0
github.com/floatpane/matcha/tui/marketplace.go:152.33,154.32 2 0
github.com/floatpane/matcha/tui/marketplace.go:154.32,157.6 2 0
github.com/floatpane/matcha/tui/marketplace.go:158.5,159.35 2 0
github.com/floatpane/matcha/tui/marketplace.go:163.2,163.15 1 0
github.com/floatpane/matcha/tui/marketplace.go:166.40,169.19 2 0
github.com/floatpane/matcha/tui/marketplace.go:169.19,171.3 1 0
github.com/floatpane/matcha/tui/marketplace.go:172.2,172.22 1 0
github.com/floatpane/matcha/tui/marketplace.go:175.55,176.24 1 0
github.com/floatpane/matcha/tui/marketplace.go:176.24,178.17 2 0
github.com/floatpane/matcha/tui/marketplace.go:178.17,180.4 1 0
github.com/floatpane/matcha/tui/marketplace.go:182.3,183.17 2 0
github.com/floatpane/matcha/tui/marketplace.go:183.17,185.4 1 0
github.com/floatpane/matcha/tui/marketplace.go:187.3,188.48 2 0
github.com/floatpane/matcha/tui/marketplace.go:188.48,190.4 1 0
github.com/floatpane/matcha/tui/marketplace.go:192.3,193.56 2 0
github.com/floatpane/matcha/tui/marketplace.go:193.56,195.4 1 0
github.com/floatpane/matcha/tui/marketplace.go:197.3,197.46 1 0
github.com/floatpane/matcha/tui/marketplace.go:201.41,204.16 3 0
github.com/floatpane/matcha/tui/marketplace.go:204.16,206.3 1 0
github.com/floatpane/matcha/tui/marketplace.go:207.2,209.16 3 0
github.com/floatpane/matcha/tui/marketplace.go:209.16,211.3 1 0
github.com/floatpane/matcha/tui/marketplace.go:212.2,212.28 1 0
github.com/floatpane/matcha/tui/marketplace.go:212.28,213.56 1 0
github.com/floatpane/matcha/tui/marketplace.go:213.56,216.4 2 0
github.com/floatpane/matcha/tui/marketplace.go:218.2,218.18 1 0
github.com/floatpane/matcha/tui/marketplace.go:221.38,230.17 7 0
github.com/floatpane/matcha/tui/marketplace.go:231.26,232.43 1 0
github.com/floatpane/matcha/tui/marketplace.go:233.24,236.22 3 0
github.com/floatpane/matcha/tui/marketplace.go:237.24,240.27 3 0
github.com/floatpane/matcha/tui/marketplace.go:240.27,242.4 1 0
github.com/floatpane/matcha/tui/marketplace.go:244.3,244.35 1 0
github.com/floatpane/matcha/tui/marketplace.go:244.35,248.21 4 0
github.com/floatpane/matcha/tui/marketplace.go:248.21,251.5 2 0
github.com/floatpane/matcha/tui/marketplace.go:253.4,254.31 2 0
github.com/floatpane/matcha/tui/marketplace.go:254.31,256.5 1 0
github.com/floatpane/matcha/tui/marketplace.go:258.4,259.85 2 0
github.com/floatpane/matcha/tui/marketplace.go:262.3,262.31 1 0
github.com/floatpane/matcha/tui/marketplace.go:262.31,264.4 1 0
github.com/floatpane/matcha/tui/marketplace.go:267.2,267.20 1 0
github.com/floatpane/matcha/tui/marketplace.go:267.20,270.3 2 0
github.com/floatpane/matcha/tui/marketplace.go:272.2,275.18 3 0
github.com/floatpane/matcha/tui/marketplace.go:275.18,278.14 3 0
github.com/floatpane/matcha/tui/marketplace.go:278.14,280.4 1 0
github.com/floatpane/matcha/tui/marketplace.go:281.8,283.3 1 0
github.com/floatpane/matcha/tui/marketplace.go:285.2,285.64 1 0
github.com/floatpane/matcha/tui/password_prompt.go:22.42,35.2 9 0
github.com/floatpane/matcha/tui/password_prompt.go:37.41,39.2 1 0
github.com/floatpane/matcha/tui/password_prompt.go:41.67,42.27 1 0
github.com/floatpane/matcha/tui/password_prompt.go:43.25,46.16 3 0
github.com/floatpane/matcha/tui/password_prompt.go:48.23,49.23 1 0
github.com/floatpane/matcha/tui/password_prompt.go:50.16,52.22 2 0
github.com/floatpane/matcha/tui/password_prompt.go:52.22,55.5 2 0
github.com/floatpane/matcha/tui/password_prompt.go:56.4,57.41 2 0
github.com/floatpane/matcha/tui/password_prompt.go:58.17,59.22 1 0
github.com/floatpane/matcha/tui/password_prompt.go:62.3,62.18 1 0
github.com/floatpane/matcha/tui/password_prompt.go:62.18,64.4 1 0
github.com/floatpane/matcha/tui/password_prompt.go:66.27,67.21 1 0
github.com/floatpane/matcha/tui/password_prompt.go:67.21,72.4 4 0
github.com/floatpane/matcha/tui/password_prompt.go:74.3,74.16 1 0
github.com/floatpane/matcha/tui/password_prompt.go:78.2,80.15 3 0
github.com/floatpane/matcha/tui/password_prompt.go:83.42,98.17 7 0
github.com/floatpane/matcha/tui/password_prompt.go:98.17,100.3 1 0
github.com/floatpane/matcha/tui/password_prompt.go:100.8,102.3 1 0
github.com/floatpane/matcha/tui/password_prompt.go:104.2,104.17 1 0
github.com/floatpane/matcha/tui/password_prompt.go:104.17,107.3 2 0
github.com/floatpane/matcha/tui/password_prompt.go:109.2,112.18 3 0
github.com/floatpane/matcha/tui/password_prompt.go:112.18,115.14 3 0
github.com/floatpane/matcha/tui/password_prompt.go:115.14,117.4 1 0
github.com/floatpane/matcha/tui/password_prompt.go:118.8,120.3 1 0
github.com/floatpane/matcha/tui/password_prompt.go:122.2,122.61 1 0
github.com/floatpane/matcha/tui/password_prompt.go:126.49,127.24 1 0
github.com/floatpane/matcha/tui/password_prompt.go:127.24,130.3 2 0
github.com/floatpane/matcha/tui/settings.go:78.48,79.16 1 0
github.com/floatpane/matcha/tui/settings.go:79.16,81.3 1 0
github.com/floatpane/matcha/tui/settings.go:83.2,85.80 2 0
github.com/floatpane/matcha/tui/settings.go:85.80,91.17 6 0
github.com/floatpane/matcha/tui/settings.go:91.17,94.4 2 0
github.com/floatpane/matcha/tui/settings.go:95.3,95.11 1 0
github.com/floatpane/matcha/tui/settings.go:98.2,110.3 1 0
github.com/floatpane/matcha/tui/settings.go:113.35,115.2 1 0
github.com/floatpane/matcha/tui/settings.go:117.61,121.27 3 0
github.com/floatpane/matcha/tui/settings.go:122.25,126.22 4 0
github.com/floatpane/matcha/tui/settings.go:126.22,128.4 1 0
github.com/floatpane/matcha/tui/settings.go:129.3,134.16 6 0
github.com/floatpane/matcha/tui/settings.go:136.23,138.59 1 0
github.com/floatpane/matcha/tui/settings.go:138.59,141.71 1 0
github.com/floatpane/matcha/tui/settings.go:141.71,144.5 2 0
github.com/floatpane/matcha/tui/settings.go:147.3,147.31 1 0
github.com/floatpane/matcha/tui/settings.go:147.31,149.4 1 0
github.com/floatpane/matcha/tui/settings.go:149.9,150.28 1 0
github.com/floatpane/matcha/tui/settings.go:151.25,152.32 1 0
github.com/floatpane/matcha/tui/settings.go:153.26,154.33 1 0
github.com/floatpane/matcha/tui/settings.go:155.23,156.30 1 0
github.com/floatpane/matcha/tui/settings.go:157.30,158.37 1 0
github.com/floatpane/matcha/tui/settings.go:159.28,160.35 1 0
github.com/floatpane/matcha/tui/settings.go:164.28,166.21 2 0
github.com/floatpane/matcha/tui/settings.go:166.21,169.4 2 0
github.com/floatpane/matcha/tui/settings.go:170.3,171.16 2 0
github.com/floatpane/matcha/tui/settings.go:173.29,174.21 1 0
github.com/floatpane/matcha/tui/settings.go:174.21,177.4 2 0
github.com/floatpane/matcha/tui/settings.go:178.3,180.16 3 0
github.com/floatpane/matcha/tui/settings.go:184.2,184.33 1 0
github.com/floatpane/matcha/tui/settings.go:184.33,185.45 1 0
github.com/floatpane/matcha/tui/settings.go:185.45,190.4 4 0
github.com/floatpane/matcha/tui/settings.go:190.9,190.70 1 0
github.com/floatpane/matcha/tui/settings.go:190.70,201.4 10 0
github.com/floatpane/matcha/tui/settings.go:204.2,204.30 1 0
github.com/floatpane/matcha/tui/settings.go:207.73,208.22 1 0
github.com/floatpane/matcha/tui/settings.go:209.17,210.23 1 0
github.com/floatpane/matcha/tui/settings.go:210.23,212.4 1 0
github.com/floatpane/matcha/tui/settings.go:213.19,214.23 1 0
github.com/floatpane/matcha/tui/settings.go:214.23,216.4 1 0
github.com/floatpane/matcha/tui/settings.go:217.29,223.40 4 0
github.com/floatpane/matcha/tui/settings.go:223.40,226.29 2 0
github.com/floatpane/matcha/tui/settings.go:226.29,227.41 1 0
github.com/floatpane/matcha/tui/settings.go:227.41,229.11 2 0
github.com/floatpane/matcha/tui/settings.go:232.9,232.52 1 0
github.com/floatpane/matcha/tui/settings.go:232.52,239.37 7 0
github.com/floatpane/matcha/tui/settings.go:239.37,242.5 2 0
github.com/floatpane/matcha/tui/settings.go:245.3,245.28 1 0
github.com/floatpane/matcha/tui/settings.go:246.13,247.28 1 0
github.com/floatpane/matcha/tui/settings.go:247.28,247.58 1 0
github.com/floatpane/matcha/tui/settings.go:249.2,250.15 2 0
github.com/floatpane/matcha/tui/settings.go:253.36,259.31 4 0
github.com/floatpane/matcha/tui/settings.go:259.31,261.24 2 0
github.com/floatpane/matcha/tui/settings.go:261.24,262.32 1 0
github.com/floatpane/matcha/tui/settings.go:262.32,264.5 1 0
github.com/floatpane/matcha/tui/settings.go:264.10,266.5 1 0
github.com/floatpane/matcha/tui/settings.go:269.3,270.24 2 0
github.com/floatpane/matcha/tui/settings.go:270.24,272.4 1 0
github.com/floatpane/matcha/tui/settings.go:274.3,274.50 1 0
github.com/floatpane/matcha/tui/settings.go:277.2,286.26 3 0
github.com/floatpane/matcha/tui/settings.go:287.23,288.26 1 0
github.com/floatpane/matcha/tui/settings.go:289.24,290.27 1 0
github.com/floatpane/matcha/tui/settings.go:291.21,292.24 1 0
github.com/floatpane/matcha/tui/settings.go:293.28,294.31 1 0
github.com/floatpane/matcha/tui/settings.go:295.26,296.29 1 0
github.com/floatpane/matcha/tui/settings.go:299.2,307.30 4 0
github.com/floatpane/matcha/tui/settings.go:307.30,309.3 1 0
github.com/floatpane/matcha/tui/settings.go:310.2,312.18 2 0
github.com/floatpane/matcha/tui/settings.go:312.18,315.14 3 0
github.com/floatpane/matcha/tui/settings.go:315.14,317.4 1 0
github.com/floatpane/matcha/tui/settings.go:318.8,320.3 1 0
github.com/floatpane/matcha/tui/settings.go:322.2,322.57 1 0
github.com/floatpane/matcha/tui/settings.go:325.53,327.83 2 0
github.com/floatpane/matcha/tui/settings.go:327.83,329.3 1 0
github.com/floatpane/matcha/tui/settings_accounts.go:12.77,13.22 1 0
github.com/floatpane/matcha/tui/settings_accounts.go:13.22,18.3 4 0
github.com/floatpane/matcha/tui/settings_accounts.go:20.2,20.24 1 0
github.com/floatpane/matcha/tui/settings_accounts.go:20.24,21.23 1 0
github.com/floatpane/matcha/tui/settings_accounts.go:22.17,23.46 1 0
github.com/floatpane/matcha/tui/settings_accounts.go:23.46,26.30 3 0
github.com/floatpane/matcha/tui/settings_accounts.go:26.30,28.6 1 0
github.com/floatpane/matcha/tui/settings_accounts.go:30.24,32.17 2 0
github.com/floatpane/matcha/tui/settings_accounts.go:34.3,34.16 1 0
github.com/floatpane/matcha/tui/settings_accounts.go:37.2,37.22 1 0
github.com/floatpane/matcha/tui/settings_accounts.go:38.17,39.27 1 0
github.com/floatpane/matcha/tui/settings_accounts.go:39.27,41.4 1 0
github.com/floatpane/matcha/tui/settings_accounts.go:42.19,43.45 1 0
github.com/floatpane/matcha/tui/settings_accounts.go:43.45,45.4 1 0
github.com/floatpane/matcha/tui/settings_accounts.go:46.11,47.72 1 0
github.com/floatpane/matcha/tui/settings_accounts.go:47.72,49.4 1 0
github.com/floatpane/matcha/tui/settings_accounts.go:50.11,51.45 1 0
github.com/floatpane/matcha/tui/settings_accounts.go:51.45,53.29 2 0
github.com/floatpane/matcha/tui/settings_accounts.go:53.29,71.5 1 0
github.com/floatpane/matcha/tui/settings_accounts.go:73.11,74.45 1 0
github.com/floatpane/matcha/tui/settings_accounts.go:74.45,77.4 2 0
github.com/floatpane/matcha/tui/settings_accounts.go:78.15,79.46 1 0
github.com/floatpane/matcha/tui/settings_accounts.go:79.46,80.29 1 0
github.com/floatpane/matcha/tui/settings_accounts.go:80.29,80.59 1 0
github.com/floatpane/matcha/tui/settings_accounts.go:81.9,81.52 1 0
github.com/floatpane/matcha/tui/settings_accounts.go:81.52,84.4 2 0
github.com/floatpane/matcha/tui/settings_accounts.go:86.2,86.15 1 0
github.com/floatpane/matcha/tui/settings_accounts.go:89.40,98.28 8 0
github.com/floatpane/matcha/tui/settings_accounts.go:98.28,100.3 1 0
github.com/floatpane/matcha/tui/settings_accounts.go:100.8,102.3 1 0
github.com/floatpane/matcha/tui/settings_accounts.go:103.2,110.22 7 0
github.com/floatpane/matcha/tui/settings_accounts.go:113.42,114.22 1 0
github.com/floatpane/matcha/tui/settings_accounts.go:114.22,116.3 1 0
github.com/floatpane/matcha/tui/settings_accounts.go:118.2,121.30 3 0
github.com/floatpane/matcha/tui/settings_accounts.go:121.30,123.3 1 0
github.com/floatpane/matcha/tui/settings_accounts.go:125.2,125.41 1 0
github.com/floatpane/matcha/tui/settings_accounts.go:125.41,127.25 2 0
github.com/floatpane/matcha/tui/settings_accounts.go:127.25,129.4 1 0
github.com/floatpane/matcha/tui/settings_accounts.go:131.3,132.42 2 0
github.com/floatpane/matcha/tui/settings_accounts.go:132.42,134.4 1 0
github.com/floatpane/matcha/tui/settings_accounts.go:136.3,136.56 1 0
github.com/floatpane/matcha/tui/settings_accounts.go:136.56,138.4 1 0
github.com/floatpane/matcha/tui/settings_accounts.go:139.3,139.64 1 0
github.com/floatpane/matcha/tui/settings_accounts.go:139.64,141.4 1 0
github.com/floatpane/matcha/tui/settings_accounts.go:143.3,147.28 4 0
github.com/floatpane/matcha/tui/settings_accounts.go:147.28,150.4 2 0
github.com/floatpane/matcha/tui/settings_accounts.go:152.3,152.50 1 0
github.com/floatpane/matcha/tui/settings_accounts.go:156.2,158.45 3 0
github.com/floatpane/matcha/tui/settings_accounts.go:158.45,161.3 2 0
github.com/floatpane/matcha/tui/settings_accounts.go:162.2,166.24 3 0
github.com/floatpane/matcha/tui/settings_accounts.go:166.24,178.3 3 0
github.com/floatpane/matcha/tui/settings_accounts.go:180.2,180.19 1 0
github.com/floatpane/matcha/tui/settings_crypto.go:13.80,20.37 5 0
github.com/floatpane/matcha/tui/settings_crypto.go:20.37,28.29 7 0
github.com/floatpane/matcha/tui/settings_crypto.go:29.10,30.35 1 0
github.com/floatpane/matcha/tui/settings_crypto.go:31.10,32.34 1 0
github.com/floatpane/matcha/tui/settings_crypto.go:33.10,34.38 1 0
github.com/floatpane/matcha/tui/settings_crypto.go:35.10,36.39 1 0
github.com/floatpane/matcha/tui/settings_crypto.go:37.10,38.32 1 0
github.com/floatpane/matcha/tui/settings_crypto.go:40.3,40.13 1 0
github.com/floatpane/matcha/tui/settings_crypto.go:43.2,43.22 1 0
github.com/floatpane/matcha/tui/settings_crypto.go:44.13,46.16 2 0
github.com/floatpane/matcha/tui/settings_crypto.go:47.40,48.58 1 0
github.com/floatpane/matcha/tui/settings_crypto.go:48.58,50.30 2 0
github.com/floatpane/matcha/tui/settings_crypto.go:50.30,52.5 1 0
github.com/floatpane/matcha/tui/settings_crypto.go:53.9,55.49 2 0
github.com/floatpane/matcha/tui/settings_crypto.go:55.49,57.5 1 0
github.com/floatpane/matcha/tui/settings_crypto.go:59.3,59.61 1 0
github.com/floatpane/matcha/tui/settings_crypto.go:59.61,60.59 1 0
github.com/floatpane/matcha/tui/settings_crypto.go:60.59,62.5 1 0
github.com/floatpane/matcha/tui/settings_crypto.go:62.10,64.5 1 0
github.com/floatpane/matcha/tui/settings_crypto.go:66.3,67.31 2 0
github.com/floatpane/matcha/tui/settings_crypto.go:70.2,70.13 1 0
github.com/floatpane/matcha/tui/settings_crypto.go:70.13,71.29 1 0
github.com/floatpane/matcha/tui/settings_crypto.go:72.10,81.17 9 0
github.com/floatpane/matcha/tui/settings_crypto.go:82.10,84.17 2 0
github.com/floatpane/matcha/tui/settings_crypto.go:85.11,88.48 2 0
github.com/floatpane/matcha/tui/settings_crypto.go:88.48,90.5 1 0
github.com/floatpane/matcha/tui/settings_crypto.go:91.4,92.32 2 0
github.com/floatpane/matcha/tui/settings_crypto.go:96.2,96.13 1 0
github.com/floatpane/matcha/tui/settings_crypto.go:96.13,97.29 1 0
github.com/floatpane/matcha/tui/settings_crypto.go:98.10,100.17 2 0
github.com/floatpane/matcha/tui/settings_crypto.go:101.10,102.32 1 0
github.com/floatpane/matcha/tui/settings_crypto.go:102.32,104.5 1 0
github.com/floatpane/matcha/tui/settings_crypto.go:104.10,106.5 1 0
github.com/floatpane/matcha/tui/settings_crypto.go:107.4,107.17 1 0
github.com/floatpane/matcha/tui/settings_crypto.go:108.10,110.17 2 0
github.com/floatpane/matcha/tui/settings_crypto.go:114.2,114.30 1 0
github.com/floatpane/matcha/tui/settings_crypto.go:117.45,122.56 4 0
github.com/floatpane/matcha/tui/settings_crypto.go:122.56,123.34 1 0
github.com/floatpane/matcha/tui/settings_crypto.go:123.34,125.4 1 0
github.com/floatpane/matcha/tui/settings_crypto.go:125.9,127.4 1 0
github.com/floatpane/matcha/tui/settings_crypto.go:128.3,128.34 1 0
github.com/floatpane/matcha/tui/settings_crypto.go:132.2,136.32 5 0
github.com/floatpane/matcha/tui/settings_crypto.go:136.32,138.3 1 0
github.com/floatpane/matcha/tui/settings_crypto.go:139.2,147.33 6 0
github.com/floatpane/matcha/tui/settings_crypto.go:147.33,149.3 1 0
github.com/floatpane/matcha/tui/settings_crypto.go:150.2,152.33 2 0
github.com/floatpane/matcha/tui/settings_crypto.go:152.33,154.3 1 0
github.com/floatpane/matcha/tui/settings_crypto.go:156.2,157.30 2 0
github.com/floatpane/matcha/tui/settings_crypto.go:157.30,159.3 1 0
github.com/floatpane/matcha/tui/settings_crypto.go:160.2,164.29 4 0
github.com/floatpane/matcha/tui/settings_crypto.go:164.29,166.3 1 0
github.com/floatpane/matcha/tui/settings_crypto.go:166.8,168.3 1 0
github.com/floatpane/matcha/tui/settings_crypto.go:169.2,169.29 1 0
github.com/floatpane/matcha/tui/settings_crypto.go:169.29,171.3 1 0
github.com/floatpane/matcha/tui/settings_crypto.go:171.8,173.3 1 0
github.com/floatpane/matcha/tui/settings_crypto.go:175.2,178.19 3 0
github.com/floatpane/matcha/tui/settings_encryption.go:11.79,14.15 2 0
github.com/floatpane/matcha/tui/settings_encryption.go:14.15,15.26 1 0
github.com/floatpane/matcha/tui/settings_encryption.go:15.26,16.24 1 0
github.com/floatpane/matcha/tui/settings_encryption.go:17.18,20.30 3 0
github.com/floatpane/matcha/tui/settings_encryption.go:20.30,23.6 2 0
github.com/floatpane/matcha/tui/settings_encryption.go:24.25,26.18 2 0
github.com/floatpane/matcha/tui/settings_encryption.go:28.4,28.17 1 0
github.com/floatpane/matcha/tui/settings_encryption.go:30.3,30.30 1 0
github.com/floatpane/matcha/tui/settings_encryption.go:30.30,32.4 1 0
github.com/floatpane/matcha/tui/settings_encryption.go:33.3,33.16 1 0
github.com/floatpane/matcha/tui/settings_encryption.go:36.2,36.22 1 0
github.com/floatpane/matcha/tui/settings_encryption.go:37.40,38.58 1 0
github.com/floatpane/matcha/tui/settings_encryption.go:38.58,40.27 2 0
github.com/floatpane/matcha/tui/settings_encryption.go:40.27,42.5 1 0
github.com/floatpane/matcha/tui/settings_encryption.go:43.9,45.27 2 0
github.com/floatpane/matcha/tui/settings_encryption.go:45.27,47.5 1 0
github.com/floatpane/matcha/tui/settings_encryption.go:49.3,52.27 4 0
github.com/floatpane/matcha/tui/settings_encryption.go:52.27,54.4 1 0
github.com/floatpane/matcha/tui/settings_encryption.go:55.3,55.27 1 0
github.com/floatpane/matcha/tui/settings_encryption.go:55.27,57.4 1 0
github.com/floatpane/matcha/tui/settings_encryption.go:58.3,58.31 1 0
github.com/floatpane/matcha/tui/settings_encryption.go:59.15,60.26 1 0
github.com/floatpane/matcha/tui/settings_encryption.go:61.10,64.39 3 0
github.com/floatpane/matcha/tui/settings_encryption.go:65.10,68.17 3 0
github.com/floatpane/matcha/tui/settings_encryption.go:69.10,72.22 3 0
github.com/floatpane/matcha/tui/settings_encryption.go:72.22,75.5 2 0
github.com/floatpane/matcha/tui/settings_encryption.go:76.4,76.27 1 0
github.com/floatpane/matcha/tui/settings_encryption.go:76.27,79.5 2 0
github.com/floatpane/matcha/tui/settings_encryption.go:80.4,83.29 4 0
github.com/floatpane/matcha/tui/settings_encryption.go:83.29,86.5 2 0
github.com/floatpane/matcha/tui/settings_encryption.go:89.2,89.15 1 0
github.com/floatpane/matcha/tui/settings_encryption.go:92.44,98.15 4 0
github.com/floatpane/matcha/tui/settings_encryption.go:98.15,99.26 1 0
github.com/floatpane/matcha/tui/settings_encryption.go:99.26,108.4 2 0
github.com/floatpane/matcha/tui/settings_encryption.go:108.9,112.4 3 0
github.com/floatpane/matcha/tui/settings_encryption.go:113.8,116.27 2 0
github.com/floatpane/matcha/tui/settings_encryption.go:116.27,118.4 1 0
github.com/floatpane/matcha/tui/settings_encryption.go:118.9,120.4 1 0
github.com/floatpane/matcha/tui/settings_encryption.go:121.3,123.27 2 0
github.com/floatpane/matcha/tui/settings_encryption.go:123.27,125.4 1 0
github.com/floatpane/matcha/tui/settings_encryption.go:125.9,127.4 1 0
github.com/floatpane/matcha/tui/settings_encryption.go:128.3,131.27 3 0
github.com/floatpane/matcha/tui/settings_encryption.go:131.27,133.4 1 0
github.com/floatpane/matcha/tui/settings_encryption.go:133.9,135.4 1 0
github.com/floatpane/matcha/tui/settings_encryption.go:137.3,137.20 1 0
github.com/floatpane/matcha/tui/settings_encryption.go:137.20,139.4 1 0
github.com/floatpane/matcha/tui/settings_encryption.go:141.3,141.70 1 0
github.com/floatpane/matcha/tui/settings_encryption.go:144.2,144.22 1 0
github.com/floatpane/matcha/tui/settings_encryption.go:144.22,146.3 1 0
github.com/floatpane/matcha/tui/settings_encryption.go:148.2,148.19 1 0
github.com/floatpane/matcha/tui/settings_general.go:11.76,12.22 1 0
github.com/floatpane/matcha/tui/settings_general.go:13.17,14.26 1 0
github.com/floatpane/matcha/tui/settings_general.go:14.26,16.4 1 0
github.com/floatpane/matcha/tui/settings_general.go:17.19,18.26 1 0
github.com/floatpane/matcha/tui/settings_general.go:18.26,20.4 1 0
github.com/floatpane/matcha/tui/settings_general.go:21.38,22.26 1 0
github.com/floatpane/matcha/tui/settings_general.go:23.10,25.32 2 0
github.com/floatpane/matcha/tui/settings_general.go:26.10,28.32 2 0
github.com/floatpane/matcha/tui/settings_general.go:29.10,31.32 2 0
github.com/floatpane/matcha/tui/settings_general.go:32.10,33.28 1 0
github.com/floatpane/matcha/tui/settings_general.go:34.29,35.43 1 0
github.com/floatpane/matcha/tui/settings_general.go:36.29,37.44 1 0
github.com/floatpane/matcha/tui/settings_general.go:38.12,39.43 1 0
github.com/floatpane/matcha/tui/settings_general.go:41.4,41.32 1 0
github.com/floatpane/matcha/tui/settings_general.go:42.10,43.81 1 0
github.com/floatpane/matcha/tui/settings_general.go:43.81,44.30 1 0
github.com/floatpane/matcha/tui/settings_general.go:44.30,44.65 1 0
github.com/floatpane/matcha/tui/settings_general.go:48.2,48.15 1 0
github.com/floatpane/matcha/tui/settings_general.go:51.41,68.30 4 0
github.com/floatpane/matcha/tui/settings_general.go:68.30,71.27 3 0
github.com/floatpane/matcha/tui/settings_general.go:71.27,74.4 2 0
github.com/floatpane/matcha/tui/settings_general.go:76.3,77.31 2 0
github.com/floatpane/matcha/tui/settings_general.go:77.31,79.4 1 0
github.com/floatpane/matcha/tui/settings_general.go:81.3,81.50 1 0
github.com/floatpane/matcha/tui/settings_general.go:84.2,86.55 2 0
github.com/floatpane/matcha/tui/settings_general.go:86.55,88.3 1 0
github.com/floatpane/matcha/tui/settings_general.go:90.2,90.19 1 0
github.com/floatpane/matcha/tui/settings_general.go:93.27,94.7 1 0
github.com/floatpane/matcha/tui/settings_general.go:94.7,96.3 1 0
github.com/floatpane/matcha/tui/settings_general.go:97.2,97.14 1 0
github.com/floatpane/matcha/tui/settings_general.go:100.42,101.13 1 0
github.com/floatpane/matcha/tui/settings_general.go:101.13,103.3 1 0
github.com/floatpane/matcha/tui/settings_general.go:104.2,104.11 1 0
github.com/floatpane/matcha/tui/settings_general.go:105.27,106.36 1 0
github.com/floatpane/matcha/tui/settings_general.go:107.28,108.34 1 0
github.com/floatpane/matcha/tui/settings_general.go:109.10,110.33 1 0
github.com/floatpane/matcha/tui/settings_general.go:114.34,115.27 1 0
github.com/floatpane/matcha/tui/settings_general.go:115.27,117.3 1 0
github.com/floatpane/matcha/tui/settings_general.go:118.2,118.25 1 0
github.com/floatpane/matcha/tui/settings_lists.go:12.81,13.24 1 0
github.com/floatpane/matcha/tui/settings_lists.go:13.24,14.23 1 0
github.com/floatpane/matcha/tui/settings_lists.go:15.17,16.47 1 0
github.com/floatpane/matcha/tui/settings_lists.go:16.47,19.70 3 0
github.com/floatpane/matcha/tui/settings_lists.go:19.70,21.6 1 0
github.com/floatpane/matcha/tui/settings_lists.go:22.5,22.31 1 0
github.com/floatpane/matcha/tui/settings_lists.go:24.24,26.17 2 0
github.com/floatpane/matcha/tui/settings_lists.go:28.3,28.16 1 0
github.com/floatpane/matcha/tui/settings_lists.go:31.2,31.22 1 0
github.com/floatpane/matcha/tui/settings_lists.go:32.17,33.24 1 0
github.com/floatpane/matcha/tui/settings_lists.go:33.24,35.4 1 0
github.com/floatpane/matcha/tui/settings_lists.go:36.19,37.46 1 0
github.com/floatpane/matcha/tui/settings_lists.go:37.46,39.4 1 0
github.com/floatpane/matcha/tui/settings_lists.go:40.11,41.77 1 0
github.com/floatpane/matcha/tui/settings_lists.go:41.77,43.4 1 0
github.com/floatpane/matcha/tui/settings_lists.go:44.11,45.46 1 0
github.com/floatpane/matcha/tui/settings_lists.go:45.46,48.29 3 0
github.com/floatpane/matcha/tui/settings_lists.go:48.29,54.5 1 0
github.com/floatpane/matcha/tui/settings_lists.go:56.15,57.47 1 0
github.com/floatpane/matcha/tui/settings_lists.go:57.47,58.29 1 0
github.com/floatpane/matcha/tui/settings_lists.go:58.29,58.63 1 0
github.com/floatpane/matcha/tui/settings_lists.go:61.2,61.15 1 0
github.com/floatpane/matcha/tui/settings_lists.go:64.46,69.34 3 0
github.com/floatpane/matcha/tui/settings_lists.go:69.34,71.3 1 0
github.com/floatpane/matcha/tui/settings_lists.go:73.2,73.42 1 0
github.com/floatpane/matcha/tui/settings_lists.go:73.42,75.31 2 0
github.com/floatpane/matcha/tui/settings_lists.go:75.31,77.4 1 0
github.com/floatpane/matcha/tui/settings_lists.go:78.3,82.25 4 0
github.com/floatpane/matcha/tui/settings_lists.go:82.25,85.4 2 0
github.com/floatpane/matcha/tui/settings_lists.go:86.3,86.50 1 0
github.com/floatpane/matcha/tui/settings_lists.go:89.2,91.46 3 0
github.com/floatpane/matcha/tui/settings_lists.go:91.46,94.3 2 0
github.com/floatpane/matcha/tui/settings_lists.go:95.2,99.24 3 0
github.com/floatpane/matcha/tui/settings_lists.go:99.24,109.3 3 0
github.com/floatpane/matcha/tui/settings_lists.go:111.2,111.19 1 0
github.com/floatpane/matcha/tui/settings_theme.go:12.74,15.22 2 0
github.com/floatpane/matcha/tui/settings_theme.go:16.17,17.24 1 0
github.com/floatpane/matcha/tui/settings_theme.go:17.24,19.4 1 0
github.com/floatpane/matcha/tui/settings_theme.go:20.19,21.36 1 0
github.com/floatpane/matcha/tui/settings_theme.go:21.36,23.4 1 0
github.com/floatpane/matcha/tui/settings_theme.go:24.38,25.34 1 0
github.com/floatpane/matcha/tui/settings_theme.go:25.34,31.4 5 0
github.com/floatpane/matcha/tui/settings_theme.go:33.2,33.15 1 0
github.com/floatpane/matcha/tui/settings_theme.go:36.39,42.27 4 0
github.com/floatpane/matcha/tui/settings_theme.go:42.27,45.15 3 0
github.com/floatpane/matcha/tui/settings_theme.go:45.15,47.4 1 0
github.com/floatpane/matcha/tui/settings_theme.go:49.3,51.25 3 0
github.com/floatpane/matcha/tui/settings_theme.go:51.25,54.4 2 0
github.com/floatpane/matcha/tui/settings_theme.go:56.3,56.51 1 0
github.com/floatpane/matcha/tui/settings_theme.go:59.2,63.33 3 0
github.com/floatpane/matcha/tui/settings_theme.go:63.33,65.3 1 0
github.com/floatpane/matcha/tui/settings_theme.go:65.8,67.3 1 0
github.com/floatpane/matcha/tui/settings_theme.go:69.2,70.23 2 0
github.com/floatpane/matcha/tui/settings_theme.go:70.23,72.3 1 0
github.com/floatpane/matcha/tui/settings_theme.go:74.2,76.21 2 0
github.com/floatpane/matcha/tui/settings_theme.go:76.21,78.3 1 0
github.com/floatpane/matcha/tui/settings_theme.go:80.2,82.19 2 0
github.com/floatpane/matcha/tui/settings_theme.go:86.65,87.23 1 0
github.com/floatpane/matcha/tui/settings_theme.go:87.23,89.3 1 0
github.com/floatpane/matcha/tui/settings_theme.go:91.2,130.12 28 0
github.com/floatpane/matcha/tui/signature.go:18.44,26.65 6 0
github.com/floatpane/matcha/tui/signature.go:26.65,28.3 1 0
github.com/floatpane/matcha/tui/signature.go:30.2,32.3 1 0
github.com/floatpane/matcha/tui/signature.go:36.42,38.2 1 0
github.com/floatpane/matcha/tui/signature.go:41.68,44.27 2 0
github.com/floatpane/matcha/tui/signature.go:45.25,50.16 5 0
github.com/floatpane/matcha/tui/signature.go:52.23,53.23 1 0
github.com/floatpane/matcha/tui/signature.go:54.17,55.22 1 0
github.com/floatpane/matcha/tui/signature.go:56.14,60.29 3 0
github.com/floatpane/matcha/tui/signature.go:60.29,60.57 1 0
github.com/floatpane/matcha/tui/signature.go:64.2,65.15 2 0
github.com/floatpane/matcha/tui/signature.go:69.43,81.2 3 0
github.com/floatpane/matcha/tui/styles.go:58.35,63.2 4 0
github.com/floatpane/matcha/tui/styles.go:65.32,65.57 1 0
github.com/floatpane/matcha/tui/styles.go:67.58,71.2 3 0
github.com/floatpane/matcha/tui/styles.go:73.33,80.2 4 0
github.com/floatpane/matcha/tui/theme.go:13.22,120.2 51 0
github.com/floatpane/matcha/tui/theme.go:123.47,144.2 2 1
github.com/floatpane/matcha/tui/theme.go:147.45,176.2 2 1
